year,mon,yearmon,num,sdev,obvs
1749,1,1749.042,96.7,-1,-1
1749,2,1749.123,104.3,-1,-1
1749,3,1749.204,116.7,-1,-1
1749,4,1749.288,92.8,-1,-1
1749,5,1749.371,141.7,-1,-1
1749,6,1749.455,139.2,-1,-1
1749,7,1749.538,158,-1,-1
1749,8,1749.623,110.5,-1,-1
1749,9,1749.707,126.5,-1,-1
1749,10,1749.79,125.8,-1,-1
1749,11,1749.874,264.3,-1,-1
1749,12,1749.958,142,-1,-1
1750,1,1750.042,122.2,-1,-1
1750,2,1750.123,126.5,-1,-1
1750,3,1750.204,148.7,-1,-1
1750,4,1750.288,147.2,-1,-1
1750,5,1750.371,150,-1,-1
1750,6,1750.455,166.7,-1,-1
1750,7,1750.538,142.3,-1,-1
1750,8,1750.623,171.7,-1,-1
1750,9,1750.707,152,-1,-1
1750,10,1750.79,109.5,-1,-1
1750,11,1750.874,105.5,-1,-1
1750,12,1750.958,125.7,-1,-1
1751,1,1751.042,116.7,-1,-1
1751,2,1751.123,72.5,-1,-1
1751,3,1751.204,75.5,-1,-1
1751,4,1751.288,94,-1,-1
1751,5,1751.371,101.2,-1,-1
1751,6,1751.455,84.5,-1,-1
1751,7,1751.538,110.5,-1,-1
1751,8,1751.623,99.7,-1,-1
1751,9,1751.707,39.2,-1,-1
1751,10,1751.79,38.7,-1,-1
1751,11,1751.874,47.5,-1,-1
1751,12,1751.958,73.3,-1,-1
1752,1,1752.042,58.3,-1,-1
1752,2,1752.124,83.3,-1,-1
1752,3,1752.206,118.3,-1,-1
1752,4,1752.29,98.8,-1,-1
1752,5,1752.373,99.5,-1,-1
1752,6,1752.456,66,-1,-1
1752,7,1752.54,130.7,-1,-1
1752,8,1752.624,48.8,-1,-1
1752,9,1752.708,45.2,-1,-1
1752,10,1752.791,77.7,-1,-1
1752,11,1752.874,62.7,-1,-1
1752,12,1752.958,66.7,-1,-1
1753,1,1753.042,73.3,-1,-1
1753,2,1753.123,53.3,-1,-1
1753,3,1753.204,76.2,-1,-1
1753,4,1753.288,63.3,-1,-1
1753,5,1753.371,60,-1,-1
1753,6,1753.455,52.8,-1,-1
1753,7,1753.538,36.7,-1,-1
1753,8,1753.623,65,-1,-1
1753,9,1753.707,46.7,-1,-1
1753,10,1753.79,41.7,-1,-1
1753,11,1753.874,33.3,-1,-1
1753,12,1753.958,11.2,-1,-1
1754,1,1754.042,0,-1,-1
1754,2,1754.123,5,-1,-1
1754,3,1754.204,2.8,-1,-1
1754,4,1754.288,22.8,-1,-1
1754,5,1754.371,34.5,-1,-1
1754,6,1754.455,44.5,-1,-1
1754,7,1754.538,31.3,-1,-1
1754,8,1754.623,20.5,-1,-1
1754,9,1754.707,13.7,-1,-1
1754,10,1754.79,40.2,-1,-1
1754,11,1754.874,22,-1,-1
1754,12,1754.958,7,-1,-1
1755,1,1755.042,17,-1,-1
1755,2,1755.123,18.7,-1,-1
1755,3,1755.204,11.3,-1,-1
1755,4,1755.288,10.8,-1,-1
1755,5,1755.371,0,-1,-1
1755,6,1755.455,0,-1,-1
1755,7,1755.538,14.3,-1,-1
1755,8,1755.623,5.3,-1,-1
1755,9,1755.707,29.7,-1,-1
1755,10,1755.79,39.5,-1,-1
1755,11,1755.874,11.3,-1,-1
1755,12,1755.958,33.3,-1,-1
1756,1,1756.042,20.8,-1,-1
1756,2,1756.124,11.8,-1,-1
1756,3,1756.206,9,-1,-1
1756,4,1756.29,15.7,-1,-1
1756,5,1756.373,20.8,-1,-1
1756,6,1756.456,21.5,-1,-1
1756,7,1756.54,6,-1,-1
1756,8,1756.624,10.7,-1,-1
1756,9,1756.708,19.7,-1,-1
1756,10,1756.791,23.8,-1,-1
1756,11,1756.874,28.3,-1,-1
1756,12,1756.958,15.7,-1,-1
1757,1,1757.042,23.5,-1,-1
1757,2,1757.123,35.3,-1,-1
1757,3,1757.204,43.7,-1,-1
1757,4,1757.288,50,-1,-1
1757,5,1757.371,63.5,-1,-1
1757,6,1757.455,21.3,-1,-1
1757,7,1757.538,41.7,-1,-1
1757,8,1757.623,85.5,-1,-1
1757,9,1757.707,66.2,-1,-1
1757,10,1757.79,54.2,-1,-1
1757,11,1757.874,107.8,-1,-1
1757,12,1757.958,55.8,-1,-1
1758,1,1758.042,62.7,-1,-1
1758,2,1758.123,86.7,-1,-1
1758,3,1758.204,81.7,-1,-1
1758,4,1758.288,120.5,-1,-1
1758,5,1758.371,77.3,-1,-1
1758,6,1758.455,75,-1,-1
1758,7,1758.538,73.3,-1,-1
1758,8,1758.623,64.5,-1,-1
1758,9,1758.707,104.2,-1,-1
1758,10,1758.79,62.8,-1,-1
1758,11,1758.874,71.7,-1,-1
1758,12,1758.958,71.7,-1,-1
1759,1,1759.042,80.5,-1,-1
1759,2,1759.123,73.3,-1,-1
1759,3,1759.204,78,-1,-1
1759,4,1759.288,78.3,-1,-1
1759,5,1759.371,81.7,-1,-1
1759,6,1759.455,83.3,-1,-1
1759,7,1759.538,85,-1,-1
1759,8,1759.623,118.8,-1,-1
1759,9,1759.707,128.7,-1,-1
1759,10,1759.79,99.5,-1,-1
1759,11,1759.874,77.2,-1,-1
1759,12,1759.958,95,-1,-1
1760,1,1760.042,112.2,-1,-1
1760,2,1760.124,99.2,-1,-1
1760,3,1760.206,124.5,-1,-1
1760,4,1760.29,97.2,-1,-1
1760,5,1760.373,120,-1,-1
1760,6,1760.456,80.5,-1,-1
1760,7,1760.54,110,-1,-1
1760,8,1760.624,126,-1,-1
1760,9,1760.708,102.2,-1,-1
1760,10,1760.791,84.3,-1,-1
1760,11,1760.874,99.5,-1,-1
1760,12,1760.958,101.7,-1,-1
1761,1,1761.042,116.7,-1,-1
1761,2,1761.123,151.7,-1,-1
1761,3,1761.204,134.5,-1,-1
1761,4,1761.288,119.5,-1,-1
1761,5,1761.371,178.7,-1,-1
1761,6,1761.455,165.5,-1,-1
1761,7,1761.538,156.8,-1,-1
1761,8,1761.623,151.8,-1,-1
1761,9,1761.707,167.8,-1,-1
1761,10,1761.79,147.8,-1,-1
1761,11,1761.874,149.5,-1,-1
1761,12,1761.958,76.7,-1,-1
1762,1,1762.042,73,-1,-1
1762,2,1762.123,121.3,-1,-1
1762,3,1762.204,76.2,-1,-1
1762,4,1762.288,100.3,-1,-1
1762,5,1762.371,66.5,-1,-1
1762,6,1762.455,128.5,-1,-1
1762,7,1762.538,56.3,-1,-1
1762,8,1762.623,112.8,-1,-1
1762,9,1762.707,114.2,-1,-1
1762,10,1762.79,115.5,-1,-1
1762,11,1762.874,129.7,-1,-1
1762,12,1762.958,128.7,-1,-1
1763,1,1763.042,94.2,-1,-1
1763,2,1763.123,53.2,-1,-1
1763,3,1763.204,57,-1,-1
1763,4,1763.288,54.8,-1,-1
1763,5,1763.371,54.5,-1,-1
1763,6,1763.455,59.7,-1,-1
1763,7,1763.538,90.3,-1,-1
1763,8,1763.623,44.2,-1,-1
1763,9,1763.707,113.5,-1,-1
1763,10,1763.79,77.2,-1,-1
1763,11,1763.874,101.5,-1,-1
1763,12,1763.958,102.3,-1,-1
1764,1,1764.042,99.5,-1,-1
1764,2,1764.124,99.5,-1,-1
1764,3,1764.206,67,-1,-1
1764,4,1764.29,57.3,-1,-1
1764,5,1764.373,73.8,-1,-1
1764,6,1764.456,50,-1,-1
1764,7,1764.54,50,-1,-1
1764,8,1764.624,50,-1,-1
1764,9,1764.708,47,-1,-1
1764,10,1764.791,46.7,-1,-1
1764,11,1764.874,43.3,-1,-1
1764,12,1764.958,42.8,-1,-1
1765,1,1765.042,40,-1,-1
1765,2,1765.123,43.3,-1,-1
1765,3,1765.204,41.7,-1,-1
1765,4,1765.288,36.7,-1,-1
1765,5,1765.371,33.7,-1,-1
1765,6,1765.455,33.3,-1,-1
1765,7,1765.538,45,-1,-1
1765,8,1765.623,49.5,-1,-1
1765,9,1765.707,26.7,-1,-1
1765,10,1765.79,23.3,-1,-1
1765,11,1765.874,23.3,-1,-1
1765,12,1765.958,21.7,-1,-1
1766,1,1766.042,20,-1,-1
1766,2,1766.123,18.3,-1,-1
1766,3,1766.204,61,-1,-1
1766,4,1766.288,10,-1,-1
1766,5,1766.371,44.7,-1,-1
1766,6,1766.455,5,-1,-1
1766,7,1766.538,5.5,-1,-1
1766,8,1766.623,6.7,-1,-1
1766,9,1766.707,7.2,-1,-1
1766,10,1766.79,8.3,-1,-1
1766,11,1766.874,9.5,-1,-1
1766,12,1766.958,32,-1,-1
1767,1,1767.042,45.7,-1,-1
1767,2,1767.123,50,-1,-1
1767,3,1767.204,71.7,-1,-1
1767,4,1767.288,54.8,-1,-1
1767,5,1767.371,49.7,-1,-1
1767,6,1767.455,55.5,-1,-1
1767,7,1767.538,36.5,-1,-1
1767,8,1767.623,68,-1,-1
1767,9,1767.707,71.2,-1,-1
1767,10,1767.79,73.5,-1,-1
1767,11,1767.874,91.2,-1,-1
1767,12,1767.958,88.8,-1,-1
1768,1,1768.042,89.2,-1,-1
1768,2,1768.124,110.2,-1,-1
1768,3,1768.206,77.2,-1,-1
1768,4,1768.29,71.2,-1,-1
1768,5,1768.373,129.5,-1,-1
1768,6,1768.456,129,-1,-1
1768,7,1768.54,87.7,-1,-1
1768,8,1768.624,111.3,-1,-1
1768,9,1768.708,124.7,-1,-1
1768,10,1768.791,129.7,-1,-1
1768,11,1768.874,151,-1,-1
1768,12,1768.958,186.3,-1,-1
1769,1,1769.042,123.2,-1,-1
1769,2,1769.123,107,-1,-1
1769,3,1769.204,107.2,-1,-1
1769,4,1769.288,161.2,-1,-1
1769,5,1769.371,122.7,-1,-1
1769,6,1769.455,157.3,-1,-1
1769,7,1769.538,197.7,-1,-1
1769,8,1769.623,200.5,-1,-1
1769,9,1769.707,248,-1,-1
1769,10,1769.79,263.7,-1,-1
1769,11,1769.874,246.8,-1,-1
1769,12,1769.958,186.7,-1,-1
1770,1,1770.042,173.3,-1,-1
1770,2,1770.123,237.5,-1,-1
1770,3,1770.204,133.5,-1,-1
1770,4,1770.288,85,-1,-1
1770,5,1770.371,116.8,-1,-1
1770,6,1770.455,138.8,-1,-1
1770,7,1770.538,183,-1,-1
1770,8,1770.623,210.5,-1,-1
1770,9,1770.707,174,-1,-1
1770,10,1770.79,172.7,-1,-1
1770,11,1770.874,220.3,-1,-1
1770,12,1770.958,170.5,-1,-1
1771,1,1771.042,60,-1,-1
1771,2,1771.123,77,-1,-1
1771,3,1771.204,77.8,-1,-1
1771,4,1771.288,108.2,-1,-1
1771,5,1771.371,254.5,-1,-1
1771,6,1771.455,199.2,-1,-1
1771,7,1771.538,112.8,-1,-1
1771,8,1771.623,97.5,-1,-1
1771,9,1771.707,169,-1,-1
1771,10,1771.79,150,-1,-1
1771,11,1771.874,166.2,-1,-1
1771,12,1771.958,159.5,-1,-1
1772,1,1772.042,168.2,-1,-1
1772,2,1772.124,151.3,-1,-1
1772,3,1772.206,51.8,-1,-1
1772,4,1772.29,153.7,-1,-1
1772,5,1772.373,63.3,-1,-1
1772,6,1772.456,95,-1,-1
1772,7,1772.54,128.8,-1,-1
1772,8,1772.624,93.7,-1,-1
1772,9,1772.708,84.2,-1,-1
1772,10,1772.791,131,-1,-1
1772,11,1772.874,102.2,-1,-1
1772,12,1772.958,106.7,-1,-1
1773,1,1773.042,91,-1,-1
1773,2,1773.123,48.3,-1,-1
1773,3,1773.204,85.3,-1,-1
1773,4,1773.288,54.8,-1,-1
1773,5,1773.371,68.5,-1,-1
1773,6,1773.455,47.3,-1,-1
1773,7,1773.538,46.2,-1,-1
1773,8,1773.623,21.2,-1,-1
1773,9,1773.707,48.8,-1,-1
1773,10,1773.79,43.8,-1,-1
1773,11,1773.874,68.2,-1,-1
1773,12,1773.958,72,-1,-1
1774,1,1774.042,78,-1,-1
1774,2,1774.123,109,-1,-1
1774,3,1774.204,92.8,-1,-1
1774,4,1774.288,73,-1,-1
1774,5,1774.371,85.5,-1,-1
1774,6,1774.455,47.5,-1,-1
1774,7,1774.538,29.2,-1,-1
1774,8,1774.623,11,-1,-1
1774,9,1774.707,13.2,-1,-1
1774,10,1774.79,23.3,-1,-1
1774,11,1774.874,29.5,-1,-1
1774,12,1774.958,20.3,-1,-1
1775,1,1775.042,7.3,-1,-1
1775,2,1775.123,0,-1,-1
1775,3,1775.204,19.3,-1,-1
1775,4,1775.288,18.7,-1,-1
1775,5,1775.371,6.5,-1,-1
1775,6,1775.455,20.5,-1,-1
1775,7,1775.538,1.7,-1,-1
1775,8,1775.623,13.2,-1,-1
1775,9,1775.707,5.3,-1,-1
1775,10,1775.79,9.3,-1,-1
1775,11,1775.874,25.2,-1,-1
1775,12,1775.958,13.2,-1,-1
1776,1,1776.042,36.2,-1,-1
1776,2,1776.124,19.3,-1,-1
1776,3,1776.206,10.5,-1,-1
1776,4,1776.29,36.3,-1,-1
1776,5,1776.373,18.7,-1,-1
1776,6,1776.456,31.7,-1,-1
1776,7,1776.54,1.7,-1,-1
1776,8,1776.624,40.3,-1,-1
1776,9,1776.708,26.7,-1,-1
1776,10,1776.791,50,-1,-1
1776,11,1776.874,58.3,-1,-1
1776,12,1776.958,66.7,-1,-1
1777,1,1777.042,75,-1,-1
1777,2,1777.123,60.8,-1,-1
1777,3,1777.204,65,-1,-1
1777,4,1777.288,159.2,-1,-1
1777,5,1777.371,133.8,-1,-1
1777,6,1777.455,134.5,-1,-1
1777,7,1777.538,158.3,-1,-1
1777,8,1777.623,186.7,-1,-1
1777,9,1777.707,193.7,-1,-1
1777,10,1777.79,177.5,-1,-1
1777,11,1777.874,243.3,-1,-1
1777,12,1777.958,262.2,-1,-1
1778,1,1778.042,295.5,-1,-1
1778,2,1778.123,182.2,-1,-1
1778,3,1778.204,223.3,-1,-1
1778,4,1778.288,241.7,-1,-1
1778,5,1778.371,398.2,-1,-1
1778,6,1778.455,286,-1,-1
1778,7,1778.538,255,-1,-1
1778,8,1778.623,233.3,-1,-1
1778,9,1778.707,286.2,-1,-1
1778,10,1778.79,260.5,-1,-1
1778,11,1778.874,250.5,-1,-1
1778,12,1778.958,175,-1,-1
1779,1,1779.042,191.2,-1,-1
1779,2,1779.123,276.2,-1,-1
1779,3,1779.204,196.7,-1,-1
1779,4,1779.288,241.7,-1,-1
1779,5,1779.371,233.3,-1,-1
1779,6,1779.455,189.5,-1,-1
1779,7,1779.538,238.3,-1,-1
1779,8,1779.623,186.7,-1,-1
1779,9,1779.707,185,-1,-1
1779,10,1779.79,206.7,-1,-1
1779,11,1779.874,190,-1,-1
1779,12,1779.958,183.3,-1,-1
1780,1,1780.042,116.7,-1,-1
1780,2,1780.124,163.3,-1,-1
1780,3,1780.206,163.3,-1,-1
1780,4,1780.29,158.3,-1,-1
1780,5,1780.373,178.7,-1,-1
1780,6,1780.456,146.7,-1,-1
1780,7,1780.54,143.3,-1,-1
1780,8,1780.624,143.3,-1,-1
1780,9,1780.708,156.2,-1,-1
1780,10,1780.791,128.3,-1,-1
1780,11,1780.874,100,-1,-1
1780,12,1780.958,97.8,-1,-1
1781,1,1781.042,164.5,-1,-1
1781,2,1781.123,124.5,-1,-1
1781,3,1781.204,88.3,-1,-1
1781,4,1781.288,113.8,-1,-1
1781,5,1781.371,174.5,-1,-1
1781,6,1781.455,162.8,-1,-1
1781,7,1781.538,122.5,-1,-1
1781,8,1781.623,110,-1,-1
1781,9,1781.707,85,-1,-1
1781,10,1781.79,45.5,-1,-1
1781,11,1781.874,111.7,-1,-1
1781,12,1781.958,58.7,-1,-1
1782,1,1782.042,90,-1,-1
1782,2,1782.123,62.5,-1,-1
1782,3,1782.204,61.7,-1,-1
1782,4,1782.288,68.3,-1,-1
1782,5,1782.371,90.5,-1,-1
1782,6,1782.455,63.3,-1,-1
1782,7,1782.538,61.7,-1,-1
1782,8,1782.623,73.3,-1,-1
1782,9,1782.707,56.7,-1,-1
1782,10,1782.79,38.7,-1,-1
1782,11,1782.874,52.5,-1,-1
1782,12,1782.958,50,-1,-1
1783,1,1783.042,46.7,-1,-1
1783,2,1783.123,64.5,-1,-1
1783,3,1783.204,44.5,-1,-1
1783,4,1783.288,47.2,-1,-1
1783,5,1783.371,38.3,-1,-1
1783,6,1783.455,42,-1,-1
1783,7,1783.538,53.7,-1,-1
1783,8,1783.623,33.3,-1,-1
1783,9,1783.707,30,-1,-1
1783,10,1783.79,13.3,-1,-1
1783,11,1783.874,25,-1,-1
1783,12,1783.958,17.5,-1,-1
1784,1,1784.042,21.7,-1,-1
1784,2,1784.124,13.3,-1,-1
1784,3,1784.206,18.3,-1,-1
1784,4,1784.29,16.7,-1,-1
1784,5,1784.373,10,-1,-1
1784,6,1784.456,15,-1,-1
1784,7,1784.54,10,-1,-1
1784,8,1784.624,16.7,-1,-1
1784,9,1784.708,16.7,-1,-1
1784,10,1784.791,13.3,-1,-1
1784,11,1784.874,28.3,-1,-1
1784,12,1784.958,23.3,-1,-1
1785,1,1785.042,10.8,-1,-1
1785,2,1785.123,13.3,-1,-1
1785,3,1785.204,15,-1,-1
1785,4,1785.288,26.2,-1,-1
1785,5,1785.371,34.5,-1,-1
1785,6,1785.455,43.8,-1,-1
1785,7,1785.538,60.5,-1,-1
1785,8,1785.623,33.3,-1,-1
1785,9,1785.707,53.3,-1,-1
1785,10,1785.79,78.7,-1,-1
1785,11,1785.874,67,-1,-1
1785,12,1785.958,45.5,-1,-1
1786,1,1786.042,62,-1,-1
1786,2,1786.123,79.3,-1,-1
1786,3,1786.204,79.5,-1,-1
1786,4,1786.288,142.3,-1,-1
1786,5,1786.371,153.8,-1,-1
1786,6,1786.455,98.3,-1,-1
1786,7,1786.538,138.3,-1,-1
1786,8,1786.623,149.5,-1,-1
1786,9,1786.707,185.8,-1,-1
1786,10,1786.79,187.2,-1,-1
1786,11,1786.874,193.3,-1,-1
1786,12,1786.958,187.8,-1,-1
1787,1,1787.042,224.5,-1,-1
1787,2,1787.123,176.7,-1,-1
1787,3,1787.204,145.7,-1,-1
1787,4,1787.288,212,-1,-1
1787,5,1787.371,224.7,-1,-1
1787,6,1787.455,165.3,-1,-1
1787,7,1787.538,213.3,-1,-1
1787,8,1787.623,228.7,-1,-1
1787,9,1787.707,262.2,-1,-1
1787,10,1787.79,261.7,-1,-1
1787,11,1787.874,235.8,-1,-1
1787,12,1787.958,290,-1,-1
1788,1,1788.042,230,-1,-1
1788,2,1788.124,215.3,-1,-1
1788,3,1788.206,238.8,-1,-1
1788,4,1788.29,180.8,-1,-1
1788,5,1788.373,188.3,-1,-1
1788,6,1788.456,257,-1,-1
1788,7,1788.54,235.8,-1,-1
1788,8,1788.624,226.7,-1,-1
1788,9,1788.708,235,-1,-1
1788,10,1788.791,236.7,-1,-1
1788,11,1788.874,157.8,-1,-1
1788,12,1788.958,215.8,-1,-1
1789,1,1789.042,190,-1,-1
1789,2,1789.123,208.8,-1,-1
1789,3,1789.204,200,-1,-1
1789,4,1789.288,205.5,-1,-1
1789,5,1789.371,205.8,-1,-1
1789,6,1789.455,200,-1,-1
1789,7,1789.538,195,-1,-1
1789,8,1789.623,171.7,-1,-1
1789,9,1789.707,186.7,-1,-1
1789,10,1789.79,149.5,-1,-1
1789,11,1789.874,223.3,-1,-1
1789,12,1789.958,225.8,-1,-1
1790,1,1790.042,171.7,-1,-1
1790,2,1790.123,212.5,-1,-1
1790,3,1790.204,160.5,-1,-1
1790,4,1790.288,156.7,-1,-1
1790,5,1790.371,155,-1,-1
1790,6,1790.455,151.7,-1,-1
1790,7,1790.538,115.5,-1,-1
1790,8,1790.623,145,-1,-1
1790,9,1790.707,128.8,-1,-1
1790,10,1790.79,140.5,-1,-1
1790,11,1790.874,136.7,-1,-1
1790,12,1790.958,123.3,-1,-1
1791,1,1791.042,121.2,-1,-1
1791,2,1791.123,103.3,-1,-1
1791,3,1791.204,123.3,-1,-1
1791,4,1791.288,128.7,-1,-1
1791,5,1791.371,122.8,-1,-1
1791,6,1791.455,107,-1,-1
1791,7,1791.538,118.3,-1,-1
1791,8,1791.623,71.7,-1,-1
1791,9,1791.707,110.8,-1,-1
1791,10,1791.79,102.8,-1,-1
1791,11,1791.874,111.7,-1,-1
1791,12,1791.958,110,-1,-1
1792,1,1792.042,96.7,-1,-1
1792,2,1792.124,106.7,-1,-1
1792,3,1792.206,105,-1,-1
1792,4,1792.29,126.2,-1,-1
1792,5,1792.373,103.3,-1,-1
1792,6,1792.456,101.7,-1,-1
1792,7,1792.54,76.3,-1,-1
1792,8,1792.624,100,-1,-1
1792,9,1792.708,98.3,-1,-1
1792,10,1792.791,98.3,-1,-1
1792,11,1792.874,95,-1,-1
1792,12,1792.958,93.3,-1,-1
1793,1,1793.042,93.3,-1,-1
1793,2,1793.123,91.7,-1,-1
1793,3,1793.204,92.5,-1,-1
1793,4,1793.288,88.3,-1,-1
1793,5,1793.371,87.2,-1,-1
1793,6,1793.455,85,-1,-1
1793,7,1793.538,83.3,-1,-1
1793,8,1793.623,48.8,-1,-1
1793,9,1793.707,40,-1,-1
1793,10,1793.79,78.3,-1,-1
1793,11,1793.874,73.3,-1,-1
1793,12,1793.958,76.2,-1,-1
1794,1,1794.042,75,-1,-1
1794,2,1794.123,73.3,-1,-1
1794,3,1794.204,63.3,-1,-1
1794,4,1794.288,47.3,-1,-1
1794,5,1794.371,92.8,-1,-1
1794,6,1794.455,69.2,-1,-1
1794,7,1794.538,68.3,-1,-1
1794,8,1794.623,66.7,-1,-1
1794,9,1794.707,18.5,-1,-1
1794,10,1794.79,47.5,-1,-1
1794,11,1794.874,112.3,-1,-1
1794,12,1794.958,85.7,-1,-1
1795,1,1795.042,35.7,-1,-1
1795,2,1795.123,66.5,-1,-1
1795,3,1795.204,21,-1,-1
1795,4,1795.288,31,-1,-1
1795,5,1795.371,51.7,-1,-1
1795,6,1795.455,28.5,-1,-1
1795,7,1795.538,21.5,-1,-1
1795,8,1795.623,42.8,-1,-1
1795,9,1795.707,22.5,-1,-1
1795,10,1795.79,32.5,-1,-1
1795,11,1795.874,41.7,-1,-1
1795,12,1795.958,30,-1,-1
1796,1,1796.042,36.7,-1,-1
1796,2,1796.124,39.7,-1,-1
1796,3,1796.206,26.2,-1,-1
1796,4,1796.29,52.8,-1,-1
1796,5,1796.373,35,-1,-1
1796,6,1796.456,11.2,-1,-1
1796,7,1796.54,44.8,-1,-1
1796,8,1796.624,2.5,-1,-1
1796,9,1796.708,30.7,-1,-1
1796,10,1796.791,18.3,-1,-1
1796,11,1796.874,14,-1,-1
1796,12,1796.958,8.5,-1,-1
1797,1,1797.042,24,-1,-1
1797,2,1797.123,7,-1,-1
1797,3,1797.204,6.7,-1,-1
1797,4,1797.288,6.7,-1,-1
1797,5,1797.371,12.2,-1,-1
1797,6,1797.455,18.5,-1,-1
1797,7,1797.538,7.2,-1,-1
1797,8,1797.623,10,-1,-1
1797,9,1797.707,9.5,-1,-1
1797,10,1797.79,11.5,-1,-1
1797,11,1797.874,9.7,-1,-1
1797,12,1797.958,5,-1,-1
1798,1,1798.042,3.3,-1,-1
1798,2,1798.123,6.7,-1,-1
1798,3,1798.204,20.7,-1,-1
1798,4,1798.288,1.8,-1,-1
1798,5,1798.371,0,-1,-1
1798,6,1798.455,0,-1,-1
1798,7,1798.538,0,-1,-1
1798,8,1798.623,5,-1,-1
1798,9,1798.707,4,-1,-1
1798,10,1798.79,2.5,-1,-1
1798,11,1798.874,20.8,-1,-1
1798,12,1798.958,16.5,-1,-1
1799,1,1799.042,2.7,-1,-1
1799,2,1799.123,21,-1,-1
1799,3,1799.204,36.2,-1,-1
1799,4,1799.288,14,-1,-1
1799,5,1799.371,13.7,-1,-1
1799,6,1799.455,17.7,-1,-1
1799,7,1799.538,3.5,-1,-1
1799,8,1799.623,0,-1,-1
1799,9,1799.707,0,-1,-1
1799,10,1799.79,7.7,-1,-1
1799,11,1799.874,4.5,-1,-1
1799,12,1799.958,14.3,-1,-1
1800,1,1800.042,11.5,-1,-1
1800,2,1800.123,15.5,-1,-1
1800,3,1800.204,23.2,-1,-1
1800,4,1800.288,0,-1,-1
1800,5,1800.371,8.3,-1,-1
1800,6,1800.455,39.5,-1,-1
1800,7,1800.538,35,-1,-1
1800,8,1800.623,32.5,-1,-1
1800,9,1800.707,19.2,-1,-1
1800,10,1800.79,20.5,-1,-1
1800,11,1800.874,17.5,-1,-1
1800,12,1800.958,66.8,-1,-1
1801,1,1801.042,45,-1,-1
1801,2,1801.123,48.3,-1,-1
1801,3,1801.204,50,-1,-1
1801,4,1801.288,51.7,-1,-1
1801,5,1801.371,53.3,-1,-1
1801,6,1801.455,52,-1,-1
1801,7,1801.538,58.3,-1,-1
1801,8,1801.623,64.5,-1,-1
1801,9,1801.707,55.8,-1,-1
1801,10,1801.79,54.3,-1,-1
1801,11,1801.874,66.3,-1,-1
1801,12,1801.958,80.3,-1,-1
1802,1,1802.042,79.7,-1,-1
1802,2,1802.123,78.3,-1,-1
1802,3,1802.204,68,-1,-1
1802,4,1802.288,70,-1,-1
1802,5,1802.371,73.3,-1,-1
1802,6,1802.455,76.7,-1,-1
1802,7,1802.538,80,-1,-1
1802,8,1802.623,83.3,-1,-1
1802,9,1802.707,86.3,-1,-1
1802,10,1802.79,64.2,-1,-1
1802,11,1802.874,57.5,-1,-1
1802,12,1802.958,83.3,-1,-1
1803,1,1803.042,83.3,-1,-1
1803,2,1803.123,84.7,-1,-1
1803,3,1803.204,49.2,-1,-1
1803,4,1803.288,41.7,-1,-1
1803,5,1803.371,73.8,-1,-1
1803,6,1803.455,60,-1,-1
1803,7,1803.538,80.5,-1,-1
1803,8,1803.623,56.8,-1,-1
1803,9,1803.707,75.5,-1,-1
1803,10,1803.79,90.5,-1,-1
1803,11,1803.874,85,-1,-1
1803,12,1803.958,80,-1,-1
1804,1,1804.042,75.5,-1,-1
1804,2,1804.124,80.5,-1,-1
1804,3,1804.206,80,-1,-1
1804,4,1804.29,84.3,-1,-1
1804,5,1804.373,55.7,-1,-1
1804,6,1804.456,58,-1,-1
1804,7,1804.54,49.7,-1,-1
1804,8,1804.624,71.8,-1,-1
1804,9,1804.708,88.3,-1,-1
1804,10,1804.791,103.8,-1,-1
1804,11,1804.874,101.7,-1,-1
1804,12,1804.958,100,-1,-1
1805,1,1805.042,101.7,-1,-1
1805,2,1805.123,73.5,-1,-1
1805,3,1805.204,85.7,-1,-1
1805,4,1805.288,62.5,-1,-1
1805,5,1805.371,65,-1,-1
1805,6,1805.455,67.5,-1,-1
1805,7,1805.538,62.7,-1,-1
1805,8,1805.623,71.2,-1,-1
1805,9,1805.707,74,-1,-1
1805,10,1805.79,49,-1,-1
1805,11,1805.874,68.3,-1,-1
1805,12,1805.958,63.8,-1,-1
1806,1,1806.042,65,-1,-1
1806,2,1806.123,49.3,-1,-1
1806,3,1806.204,54.5,-1,-1
1806,4,1806.288,46.2,-1,-1
1806,5,1806.371,44,-1,-1
1806,6,1806.455,42.7,-1,-1
1806,7,1806.538,50,-1,-1
1806,8,1806.623,43.8,-1,-1
1806,9,1806.707,40,-1,-1
1806,10,1806.79,45,-1,-1
1806,11,1806.874,41.7,-1,-1
1806,12,1806.958,40,-1,-1
1807,1,1807.042,20,-1,-1
1807,2,1807.123,20.3,-1,-1
1807,3,1807.204,16,-1,-1
1807,4,1807.288,39.7,-1,-1
1807,5,1807.371,16.7,-1,-1
1807,6,1807.455,20,-1,-1
1807,7,1807.538,21.2,-1,-1
1807,8,1807.623,20,-1,-1
1807,9,1807.707,9.5,-1,-1
1807,10,1807.79,13.3,-1,-1
1807,11,1807.874,4.3,-1,-1
1807,12,1807.958,0,-1,-1
1808,1,1808.042,0,-1,-1
1808,2,1808.124,7.5,-1,-1
1808,3,1808.206,0,-1,-1
1808,4,1808.29,20.5,-1,-1
1808,5,1808.373,22.5,-1,-1
1808,6,1808.456,22.5,-1,-1
1808,7,1808.54,11.2,-1,-1
1808,8,1808.624,13.3,-1,-1
1808,9,1808.708,19.5,-1,-1
1808,10,1808.791,7.8,-1,-1
1808,11,1808.874,17.5,-1,-1
1808,12,1808.958,20.5,-1,-1
1809,1,1809.042,12,-1,-1
1809,2,1809.123,15.3,-1,-1
1809,3,1809.204,1.5,-1,-1
1809,4,1809.288,4.2,-1,-1
1809,5,1809.371,3.3,-1,-1
1809,6,1809.455,12.8,-1,-1
1809,7,1809.538,0.5,-1,-1
1809,8,1809.623,0.3,-1,-1
1809,9,1809.707,0.7,-1,-1
1809,10,1809.79,0,-1,-1
1809,11,1809.874,0,-1,-1
1809,12,1809.958,0,-1,-1
1810,1,1810.042,0,-1,-1
1810,2,1810.123,0,-1,-1
1810,3,1810.204,0,-1,-1
1810,4,1810.288,0,-1,-1
1810,5,1810.371,0,-1,-1
1810,6,1810.455,0,-1,-1
1810,7,1810.538,0,-1,-1
1810,8,1810.623,0,-1,-1
1810,9,1810.707,0,-1,-1
1810,10,1810.79,0,-1,-1
1810,11,1810.874,0,-1,-1
1810,12,1810.958,0,-1,-1
1811,1,1811.042,0,-1,-1
1811,2,1811.123,0,-1,-1
1811,3,1811.204,0,-1,-1
1811,4,1811.288,0,-1,-1
1811,5,1811.371,0,-1,-1
1811,6,1811.455,0,-1,-1
1811,7,1811.538,11,-1,-1
1811,8,1811.623,0,-1,-1
1811,9,1811.707,4,-1,-1
1811,10,1811.79,10.2,-1,-1
1811,11,1811.874,1.3,-1,-1
1811,12,1811.958,1.8,-1,-1
1812,1,1812.042,18.8,-1,-1
1812,2,1812.124,3.2,-1,-1
1812,3,1812.206,1.2,-1,-1
1812,4,1812.29,0,-1,-1
1812,5,1812.373,1.7,-1,-1
1812,6,1812.456,2.2,-1,-1
1812,7,1812.54,0.8,-1,-1
1812,8,1812.624,26,-1,-1
1812,9,1812.708,8.7,-1,-1
1812,10,1812.791,6.5,-1,-1
1812,11,1812.874,13.2,-1,-1
1812,12,1812.958,16.8,-1,-1
1813,1,1813.042,0,-1,-1
1813,2,1813.123,17.2,-1,-1
1813,3,1813.204,3.2,-1,-1
1813,4,1813.288,27.7,-1,-1
1813,5,1813.371,9.2,-1,-1
1813,6,1813.455,18.7,-1,-1
1813,7,1813.538,30.5,-1,-1
1813,8,1813.623,14,-1,-1
1813,9,1813.707,25.5,-1,-1
1813,10,1813.79,46.3,-1,-1
1813,11,1813.874,27.8,-1,-1
1813,12,1813.958,23.8,-1,-1
1814,1,1814.042,37,-1,-1
1814,2,1814.123,20,-1,-1
1814,3,1814.204,9.5,-1,-1
1814,4,1814.288,39.7,-1,-1
1814,5,1814.371,9.7,-1,-1
1814,6,1814.455,24.8,-1,-1
1814,7,1814.538,30.8,-1,-1
1814,8,1814.623,3.8,-1,-1
1814,9,1814.707,13.5,-1,-1
1814,10,1814.79,32.2,-1,-1
1814,11,1814.874,24.2,-1,-1
1814,12,1814.958,33.5,-1,-1
1815,1,1815.042,32,-1,-1
1815,2,1815.123,53.7,-1,-1
1815,3,1815.204,43.7,-1,-1
1815,4,1815.288,52.7,-1,-1
1815,5,1815.371,16.3,-1,-1
1815,6,1815.455,93.2,-1,-1
1815,7,1815.538,59.2,-1,-1
1815,8,1815.623,78.7,-1,-1
1815,9,1815.707,52.5,-1,-1
1815,10,1815.79,55.8,-1,-1
1815,11,1815.874,62,-1,-1
1815,12,1815.958,108.3,-1,-1
1816,1,1816.042,43.8,-1,-1
1816,2,1816.124,114.7,-1,-1
1816,3,1816.206,122.8,-1,-1
1816,4,1816.29,98,-1,-1
1816,5,1816.373,73.8,-1,-1
1816,6,1816.456,72.7,-1,-1
1816,7,1816.54,64.7,-1,-1
1816,8,1816.624,38.7,-1,-1
1816,9,1816.708,79.7,-1,-1
1816,10,1816.791,94,-1,-1
1816,11,1816.874,63.5,-1,-1
1816,12,1816.958,49.8,-1,-1
1817,1,1817.042,60.7,-1,-1
1817,2,1817.123,96.5,-1,-1
1817,3,1817.204,160.3,-1,-1
1817,4,1817.288,44,-1,-1
1817,5,1817.371,35.3,-1,-1
1817,6,1817.455,66.7,-1,-1
1817,7,1817.538,83.3,-1,-1
1817,8,1817.623,75,-1,-1
1817,9,1817.707,61.2,-1,-1
1817,10,1817.79,42.7,-1,-1
1817,11,1817.874,48.2,-1,-1
1817,12,1817.958,47.3,-1,-1
1818,1,1818.042,58.1,9.7,8
1818,2,1818.123,37.4,7.8,14
1818,3,1818.204,42.4,8.3,14
1818,4,1818.288,57.5,9.6,21
1818,5,1818.371,88.5,11.9,25
1818,6,1818.455,60.8,9.9,25
1818,7,1818.538,46.8,8.7,21
1818,8,1818.623,52.6,9.2,20
1818,9,1818.707,43.4,8.3,18
1818,10,1818.79,52.8,9.2,22
1818,11,1818.874,18.3,5.5,12
1818,12,1818.958,43,8.4,13
1819,1,1819.042,54.7,9.4,12
1819,2,1819.123,34.6,7.5,10
1819,3,1819.204,6.3,3.6,23
1819,4,1819.288,33.7,7.4,23
1819,5,1819.371,32.6,7.3,31
1819,6,1819.455,58.3,9.7,23
1819,7,1819.538,52.5,9.2,15
1819,8,1819.623,43.5,8.4,24
1819,9,1819.707,24.8,6.4,27
1819,10,1819.79,45.9,8.6,22
1819,11,1819.874,41.8,8.3,19
1819,12,1819.958,50.9,9.1,20
1820,1,1820.042,32,7.3,19
1820,2,1820.124,44.4,8.4,14
1820,3,1820.206,7.5,3.9,23
1820,4,1820.29,32.3,7.3,19
1820,5,1820.373,48.9,8.8,20
1820,6,1820.456,17.9,5.6,25
1820,7,1820.54,34.1,7.4,7
1820,8,1820.624,43.1,8.3,17
1820,9,1820.708,8.6,4,25
1820,10,1820.791,14.9,5.2,26
1820,11,1820.874,13.2,4.8,13
1820,12,1820.958,15.1,5.2,16
1821,1,1821.042,36,7.6,8
1821,2,1821.123,7,3.8,24
1821,3,1821.204,9.5,4.2,29
1821,4,1821.288,15.2,5.2,18
1821,5,1821.371,2.8,2.8,31
1821,6,1821.455,3,2.9,29
1821,7,1821.538,4.3,3.2,24
1821,8,1821.623,8,3.9,26
1821,9,1821.707,7.3,3.9,29
1821,10,1821.79,31.4,7.2,28
1821,11,1821.874,7.3,3.9,27
1821,12,1821.958,0.4,2.1,31
1822,1,1822.042,0,2,31
1822,2,1822.123,1.5,2.5,28
1822,3,1822.204,26.9,6.6,28
1822,4,1822.288,21.7,6,26
1822,5,1822.371,2.4,2.8,30
1822,6,1822.455,9.3,4.2,29
1822,7,1822.538,13.2,4.9,29
1822,8,1822.623,3.4,3,31
1822,9,1822.707,0,2,30
1822,10,1822.79,0.6,2.2,31
1822,11,1822.874,0,2,30
1822,12,1822.958,0,2,30
1823,1,1823.042,0,2,31
1823,2,1823.123,0,2,28
1823,3,1823.204,1,2.3,29
1823,4,1823.288,0,2,30
1823,5,1823.371,0,2,25
1823,6,1823.455,0,2,23
1823,7,1823.538,0.8,2.2,24
1823,8,1823.623,0,2,27
1823,9,1823.707,0,2,27
1823,10,1823.79,0,2,20
1823,11,1823.874,0,2,20
1823,12,1823.958,34,7.4,18
1824,1,1824.042,36,7.6,3
1824,2,1824.124,18,4.8,0
1824,3,1824.206,0,2,21
1824,4,1824.29,32.3,7.2,8
1824,5,1824.373,4.6,3.3,19
1824,6,1824.456,0,2,25
1824,7,1824.54,0,2,21
1824,8,1824.624,2.3,2.7,15
1824,9,1824.708,34.3,7.5,19
1824,10,1824.791,42,8.2,25
1824,11,1824.874,0,2,18
1824,12,1824.958,1.4,2.4,20
1825,1,1825.042,8.4,4.1,29
1825,2,1825.123,25.9,6.6,24
1825,3,1825.204,37.4,7.8,27
1825,4,1825.288,6.2,3.6,25
1825,5,1825.371,25.8,6.4,25
1825,6,1825.455,25.6,6.5,28
1825,7,1825.538,51.5,9.1,30
1825,8,1825.623,42.8,8.3,30
1825,9,1825.707,26.2,6.6,26
1825,10,1825.79,26,6.6,25
1825,11,1825.874,19.6,5.7,18
1825,12,1825.958,36.7,7.7,23
1826,1,1826.042,29.4,6.9,21
1826,2,1826.123,30.2,7,25
1826,3,1826.204,61.3,9.9,28
1826,4,1826.288,40,8.1,27
1826,5,1826.371,53.9,9.3,30
1826,6,1826.455,61.7,10,29
1826,7,1826.538,87.5,11.9,30
1826,8,1826.623,66,10.4,31
1826,9,1826.707,31.6,7.2,30
1826,10,1826.79,84.4,11.6,28
1826,11,1826.874,65.8,10.3,22
1826,12,1826.958,113.6,13.5,19
1827,1,1827.042,57.7,9.7,23
1827,2,1827.123,79,11.3,25
1827,3,1827.204,96.3,12.4,28
1827,4,1827.288,76.7,11.1,27
1827,5,1827.371,93.8,12.3,30
1827,6,1827.455,94.4,12.3,26
1827,7,1827.538,70.4,10.6,31
1827,8,1827.623,89.4,12,29
1827,9,1827.707,82.6,11.5,30
1827,10,1827.79,93.5,12.2,27
1827,11,1827.874,80.4,11.4,20
1827,12,1827.958,76.8,11.1,25
1828,1,1828.042,88,11.9,18
1828,2,1828.124,107.3,13.1,22
1828,3,1828.206,108.5,13.2,24
1828,4,1828.29,101.9,12.8,29
1828,5,1828.373,148.6,15.5,27
1828,6,1828.456,163.4,16.2,26
1828,7,1828.54,90.4,12,31
1828,8,1828.624,127.3,14.3,31
1828,9,1828.708,83.9,11.6,30
1828,10,1828.791,91.1,12.1,26
1828,11,1828.874,95,12.3,22
1828,12,1828.958,78.1,11.2,15
1829,1,1829.042,71.6,10.7,14
1829,2,1829.123,82.3,11.5,20
1829,3,1829.204,120.6,13.9,26
1829,4,1829.288,158.4,15.9,29
1829,5,1829.371,112.3,13.4,29
1829,6,1829.455,123.2,14.1,28
1829,7,1829.538,151.5,15.6,28
1829,8,1829.623,129.3,14.4,27
1829,9,1829.707,88,11.9,26
1829,10,1829.79,95.3,12.4,23
1829,11,1829.874,112.7,13.4,19
1829,12,1829.958,94.1,12.3,22
1830,1,1830.042,87,11.8,17
1830,2,1830.123,120.1,13.9,18
1830,3,1830.204,141,15.1,20
1830,4,1830.288,177.3,16.9,26
1830,5,1830.371,110.5,13.3,28
1830,6,1830.455,108.4,13.2,27
1830,7,1830.538,73.2,10.8,26
1830,8,1830.623,84.6,11.7,25
1830,9,1830.707,103.4,12.9,24
1830,10,1830.79,140.6,15,25
1830,11,1830.874,135.4,14.7,19
1830,12,1830.958,136.8,14.8,13
1831,1,1831.042,79,11.3,22
1831,2,1831.123,83.6,11.6,21
1831,3,1831.204,155.8,15.8,25
1831,4,1831.288,90.9,12.1,27
1831,5,1831.371,63.4,10.1,31
1831,6,1831.455,55.6,9.4,27
1831,7,1831.538,75.4,11,29
1831,8,1831.623,91.6,12.1,28
1831,9,1831.707,63.2,10.1,22
1831,10,1831.79,77.1,11.1,23
1831,11,1831.874,72.5,10.8,15
1831,12,1831.958,48.3,8.8,15
1832,1,1832.042,51.5,9.1,11
1832,2,1832.124,92.6,12.2,23
1832,3,1832.206,91.9,12.1,21
1832,4,1832.29,44.8,8.5,27
1832,5,1832.373,68.9,10.5,28
1832,6,1832.456,44.5,8.4,22
1832,7,1832.54,23.3,6.2,25
1832,8,1832.624,14.8,5.1,31
1832,9,1832.708,13.7,4.9,29
1832,10,1832.791,35.2,7.5,25
1832,11,1832.874,23.8,6.2,18
1832,12,1832.958,45.8,8.6,17
1833,1,1833.042,18.7,5.7,22
1833,2,1833.123,24.9,6.5,21
1833,3,1833.204,19.6,5.8,19
1833,4,1833.288,4.6,3.3,27
1833,5,1833.371,21.5,6,28
1833,6,1833.455,1.7,2.5,30
1833,7,1833.538,11.6,4.6,27
1833,8,1833.623,9.5,4.2,30
1833,9,1833.707,19.3,5.8,16
1833,10,1833.79,12.5,4.7,29
1833,11,1833.874,9.8,4.2,24
1833,12,1833.958,16.6,5.3,19
1834,1,1834.042,8.2,4,11
1834,2,1834.123,30.1,7,20
1834,3,1834.204,6.5,3.7,24
1834,4,1834.288,2.4,2.7,25
1834,5,1834.371,14.8,5,30
1834,6,1834.455,13.1,4.8,28
1834,7,1834.538,14.4,5,22
1834,8,1834.623,6.6,3.7,29
1834,9,1834.707,19.2,5.6,21
1834,10,1834.79,41.3,8.2,20
1834,11,1834.874,50.9,9.1,15
1834,12,1834.958,57.5,9.6,15
1835,1,1835.042,12.4,4.7,22
1835,2,1835.123,40.7,8.1,15
1835,3,1835.204,32.7,7.3,18
1835,4,1835.288,102.4,12.8,14
1835,5,1835.371,72.6,10.8,22
1835,6,1835.455,55.2,9.4,17
1835,7,1835.538,99.6,12.7,13
1835,8,1835.623,98.5,12.6,2
1835,9,1835.707,168,16.4,11
1835,10,1835.79,158.6,16,16
1835,11,1835.874,166.7,16.4,15
1835,12,1835.958,129.3,14.4,8
1836,1,1836.042,147.6,15.4,17
1836,2,1836.124,179.4,17,14
1836,3,1836.206,163.7,16.2,12
1836,4,1836.29,238,19.6,16
1836,5,1836.373,185.7,17.3,23
1836,6,1836.456,207.9,18.3,15
1836,7,1836.54,194.6,17.7,15
1836,8,1836.624,179.6,17,16
1836,9,1836.708,158.5,16,12
1836,10,1836.791,228.9,19.2,11
1836,11,1836.874,201.5,18,11
1836,12,1836.958,343.8,23.5,4
1837,1,1837.042,313.4,22.4,10
1837,2,1837.123,292.6,21.7,13
1837,3,1837.204,224.3,19,12
1837,4,1837.288,230.3,19.2,10
1837,5,1837.371,186.1,17.3,15
1837,6,1837.455,263.4,20.6,18
1837,7,1837.538,271.2,20.9,9
1837,8,1837.623,223.5,18.9,11
1837,9,1837.707,160.4,16.1,19
1837,10,1837.79,206.2,18.2,18
1837,11,1837.874,178.4,16.9,7
1837,12,1837.958,216.1,18.6,8
1838,1,1838.042,241.5,19.7,11
1838,2,1838.123,141.3,15.1,18
1838,3,1838.204,234.5,19.4,12
1838,4,1838.288,211.1,18.4,16
1838,5,1838.371,229.4,19.2,20
1838,6,1838.455,157.6,15.9,19
1838,7,1838.538,180.4,17,21
1838,8,1838.623,131.3,14.5,15
1838,9,1838.707,122.7,14,23
1838,10,1838.79,151.5,15.6,16
1838,11,1838.874,129.2,14.4,16
1838,12,1838.958,132.9,14.6,14
1839,1,1839.042,175.9,16.8,15
1839,2,1839.123,170.8,16.6,12
1839,3,1839.204,129.5,14.4,15
1839,4,1839.288,102.9,12.9,14
1839,5,1839.371,89.6,12,22
1839,6,1839.455,91.2,12.1,20
1839,7,1839.538,141.3,15.1,25
1839,8,1839.623,218.8,18.7,17
1839,9,1839.707,221.1,18.8,18
1839,10,1839.79,151.5,15.6,16
1839,11,1839.874,114.7,13.6,11
1839,12,1839.958,106.2,13.1,9
1840,1,1840.042,135.4,14.7,18
1840,2,1840.124,146.1,15.3,14
1840,3,1840.206,112.9,13.5,18
1840,4,1840.29,109.8,13.3,21
1840,5,1840.373,115.4,13.6,22
1840,6,1840.456,80.9,11.4,27
1840,7,1840.54,101,12.7,23
1840,8,1840.624,96.4,12.4,24
1840,9,1840.708,123.3,14.1,20
1840,10,1840.791,91.7,12.1,19
1840,11,1840.874,90.4,12,20
1840,12,1840.958,89.5,12,22
1841,1,1841.042,40.1,8.1,15
1841,2,1841.123,49.9,8.9,20
1841,3,1841.204,49.6,8.9,22
1841,4,1841.288,66.9,10.4,28
1841,5,1841.371,112.4,13.5,27
1841,6,1841.455,92.8,12.2,24
1841,7,1841.538,51.4,9.1,27
1841,8,1841.623,65.4,10.3,28
1841,9,1841.707,60.9,9.9,28
1841,10,1841.79,47.4,8.7,19
1841,11,1841.874,32.9,7.3,20
1841,12,1841.958,64.8,10.2,19
1842,1,1842.042,34,7.5,20
1842,2,1842.123,36.8,7.8,22
1842,3,1842.204,36.2,7.7,25
1842,4,1842.288,44.9,8.5,30
1842,5,1842.371,41.4,8.2,31
1842,6,1842.455,34.2,7.4,30
1842,7,1842.538,21,6,31
1842,8,1842.623,44.4,8.5,31
1842,9,1842.707,30.6,7.1,28
1842,10,1842.79,63.5,10.1,23
1842,11,1842.874,67.5,10.4,25
1842,12,1842.958,29.3,6.9,15
1843,1,1843.042,22.2,6.1,22
1843,2,1843.123,5.9,3.5,14
1843,3,1843.204,13.9,5,29
1843,4,1843.288,15.8,5.2,29
1843,5,1843.371,35.1,7.6,30
1843,6,1843.455,17.6,5.4,30
1843,7,1843.538,15.9,5.2,31
1843,8,1843.623,19.6,5.8,31
1843,9,1843.707,6.9,3.7,30
1843,10,1843.79,8.9,4.1,31
1843,11,1843.874,31.7,7.2,27
1843,12,1843.958,21.2,6,16
1844,1,1844.042,15.7,5.2,24
1844,2,1844.124,24.5,6.4,22
1844,3,1844.206,22.5,6.1,21
1844,4,1844.29,34.6,7.5,28
1844,5,1844.373,19.2,5.7,25
1844,6,1844.456,6.2,3.6,29
1844,7,1844.54,35.2,7.6,29
1844,8,1844.624,39.7,8.1,28
1844,9,1844.708,11.6,4.7,27
1844,10,1844.791,35.9,7.7,25
1844,11,1844.874,17.9,5.6,16
1844,12,1844.958,36,7.6,20
1845,1,1845.042,42.8,8.3,17
1845,2,1845.123,72.8,10.8,17
1845,3,1845.204,72.1,10.8,22
1845,4,1845.288,95,12.3,25
1845,5,1845.371,79.7,11.3,27
1845,6,1845.455,51.8,9.2,25
1845,7,1845.538,51,9.1,24
1845,8,1845.623,53.9,9.3,27
1845,9,1845.707,49.3,9,26
1845,10,1845.79,67.8,10.4,19
1845,11,1845.874,65.7,10.3,23
1845,12,1845.958,99.5,12.6,13
1846,1,1846.042,64.6,10.2,19
1846,2,1846.123,84.9,11.7,21
1846,3,1846.204,106.5,13.1,22
1846,4,1846.288,115.5,13.6,19
1846,5,1846.371,99.9,12.7,21
1846,6,1846.455,108.4,13.2,28
1846,7,1846.538,77.5,11.1,26
1846,8,1846.623,91.3,12.1,26
1846,9,1846.707,178.6,16.9,23
1846,10,1846.79,93.4,12.2,16
1846,11,1846.874,100.6,12.7,16
1846,12,1846.958,109.1,13.2,10
1847,1,1847.042,104.4,12.9,11
1847,2,1847.123,74.9,10.9,10
1847,3,1847.204,143,15.1,19
1847,4,1847.288,74.6,10.9,20
1847,5,1847.371,125.7,14.2,26
1847,6,1847.455,142.2,15.1,25
1847,7,1847.538,87.1,11.8,25
1847,8,1847.623,234.3,19.4,28
1847,9,1847.707,268.2,20.7,15
1847,10,1847.79,300.6,22,19
1847,11,1847.874,231.5,19.3,20
1847,12,1847.958,182.6,17.1,14
1848,1,1848.042,265.2,20.6,14
1848,2,1848.124,186.4,17.3,13
1848,3,1848.206,181.2,17.1,17
1848,4,1848.29,178.6,16.9,18
1848,5,1848.373,170.5,16.5,27
1848,6,1848.456,214.9,18.6,24
1848,7,1848.54,232,19.3,27
1848,8,1848.624,220.9,18.8,21
1848,9,1848.708,167.3,16.4,20
1848,10,1848.791,220.6,18.8,13
1848,11,1848.874,191,17.5,16
1848,12,1848.958,265.8,20.7,24
1849,1,1849.042,298.3,21.4,31
1849,2,1849.123,250.3,19.5,28
1849,3,1849.204,182.7,16.6,31
1849,4,1849.288,194.7,17.1,30
1849,5,1849.371,153.2,15.1,31
1849,6,1849.455,154.2,15.2,30
1849,7,1849.538,148.2,14.9,31
1849,8,1849.623,128.6,13.8,31
1849,9,1849.707,178,16.3,30
1849,10,1849.79,135.7,14.2,31
1849,11,1849.874,188.2,16.8,30
1849,12,1849.958,184.3,16.6,31
1850,1,1850.042,148.2,14.9,31
1850,2,1850.123,169.8,15.9,28
1850,3,1850.204,156.8,15.3,31
1850,4,1850.288,83.8,11.1,30
1850,5,1850.371,117,13.1,31
1850,6,1850.455,133,14.1,30
1850,7,1850.538,74.3,10.5,31
1850,8,1850.623,117,13.1,31
1850,9,1850.707,163.7,15.6,30
1850,10,1850.79,134.9,14.1,31
1850,11,1850.874,104.1,12.4,30
1850,12,1850.958,115.9,13.1,31
1851,1,1851.042,143.5,14.7,31
1851,2,1851.123,200.1,17.3,28
1851,3,1851.204,122.8,13.5,31
1851,4,1851.288,107.3,12.6,30
1851,5,1851.371,118.9,13.3,31
1851,6,1851.455,120,13.3,30
1851,7,1851.538,68.6,10,31
1851,8,1851.623,109,12.7,31
1851,9,1851.707,128.9,13.8,30
1851,10,1851.79,118.7,13.3,31
1851,11,1851.874,96.8,11.9,30
1851,12,1851.958,135.5,14.2,31
1852,1,1852.042,129.9,13.9,31
1852,2,1852.124,126.2,13.7,29
1852,3,1852.206,116.2,13.1,31
1852,4,1852.29,124.3,13.6,30
1852,5,1852.373,104.3,12.4,31
1852,6,1852.456,89,11.4,30
1852,7,1852.54,80,10.8,31
1852,8,1852.624,75.3,10.5,31
1852,9,1852.708,71.2,10.2,30
1852,10,1852.791,127.9,13.8,31
1852,11,1852.874,103.1,12.3,30
1852,12,1852.958,86.1,11.3,31
1853,1,1853.042,77.9,10.7,31
1853,2,1853.123,81.5,10.9,28
1853,3,1853.204,71.6,10.2,31
1853,4,1853.288,90.4,11.5,30
1853,5,1853.371,65.9,9.8,31
1853,6,1853.455,76,10.6,30
1853,7,1853.538,87.2,11.3,31
1853,8,1853.623,95.8,11.9,31
1853,9,1853.707,63.7,9.7,30
1853,10,1853.79,80.5,10.9,31
1853,11,1853.874,54.7,8.9,30
1853,12,1853.958,44.5,8,31
1854,1,1854.042,29.3,6.5,31
1854,2,1854.123,38,7.4,28
1854,3,1854.204,39.4,7.6,31
1854,4,1854.288,50.3,8.6,30
1854,5,1854.371,45.6,8.2,31
1854,6,1854.455,40.1,7.6,30
1854,7,1854.538,35.5,7.2,31
1854,8,1854.623,30.1,6.6,31
1854,9,1854.707,42.6,7.9,30
1854,10,1854.79,24.1,5.9,31
1854,11,1854.874,53.5,8.8,30
1854,12,1854.958,41.1,7.7,31
1855,1,1855.042,23.4,5.8,31
1855,2,1855.123,21.6,5.6,28
1855,3,1855.204,33,6.9,31
1855,4,1855.288,8.4,3.5,30
1855,5,1855.371,17.3,5,31
1855,6,1855.455,10,3.8,30
1855,7,1855.538,0.7,1,31
1855,8,1855.623,5.9,2.9,31
1855,9,1855.707,0,0,30
1855,10,1855.79,18.3,5.1,31
1855,11,1855.874,7.9,3.4,30
1855,12,1855.958,5.8,2.9,31
1856,1,1856.042,1,1.2,31
1856,2,1856.124,9.3,3.7,29
1856,3,1856.206,0.7,1,31
1856,4,1856.29,12.4,4.2,30
1856,5,1856.373,0,0,31
1856,6,1856.456,9.8,3.8,30
1856,7,1856.54,8.8,3.6,31
1856,8,1856.624,11.3,4,31
1856,9,1856.708,8.4,3.5,30
1856,10,1856.791,8.5,3.5,31
1856,11,1856.874,14.7,4.6,30
1856,12,1856.958,13.7,4.4,31
1857,1,1857.042,26,6.1,31
1857,2,1857.123,14.2,4.5,28
1857,3,1857.204,10,3.8,31
1857,4,1857.288,21.1,5.5,30
1857,5,1857.371,54.2,8.9,31
1857,6,1857.455,30.5,6.6,30
1857,7,1857.538,42.2,7.8,31
1857,8,1857.623,32,6.8,31
1857,9,1857.707,80.6,10.9,30
1857,10,1857.79,77.1,10.6,31
1857,11,1857.874,59.6,9.3,30
1857,12,1857.958,70.7,10.2,31
1858,1,1858.042,74.2,10.4,31
1858,2,1858.123,66.3,9.9,28
1858,3,1858.204,109.2,12.7,31
1858,4,1858.288,72.8,10.3,30
1858,5,1858.371,78.6,10.7,31
1858,6,1858.455,84.5,11.1,30
1858,7,1858.538,107.7,12.6,31
1858,8,1858.623,104.9,12.5,31
1858,9,1858.707,152.2,15.1,30
1858,10,1858.79,173.2,16.1,31
1858,11,1858.874,98.6,12.1,30
1858,12,1858.958,127,13.7,31
1859,1,1859.042,159,15.4,31
1859,2,1859.123,166.4,15.8,28
1859,3,1859.204,171.5,16,31
1859,4,1859.288,162.9,15.6,30
1859,5,1859.371,172.8,16.1,31
1859,6,1859.455,165.2,15.7,30
1859,7,1859.538,180.7,16.5,31
1859,8,1859.623,203,17.5,31
1859,9,1859.707,200.9,17.4,30
1859,10,1859.79,217.8,18.1,31
1859,11,1859.874,184.6,16.6,30
1859,12,1859.958,153.9,15.1,31
1860,1,1860.042,156.6,15.3,31
1860,2,1860.124,167.9,15.9,29
1860,3,1860.206,188,16.8,31
1860,4,1860.29,135.7,14.2,30
1860,5,1860.373,203.5,17.5,31
1860,6,1860.456,206.3,17.7,30
1860,7,1860.54,221.9,18.3,31
1860,8,1860.624,190.5,16.9,31
1860,9,1860.708,175.2,16.2,30
1860,10,1860.791,171.1,16,31
1860,11,1860.874,186,16.7,30
1860,12,1860.958,181.7,16.5,31
1861,1,1861.042,118.5,13.2,31
1861,2,1861.123,147.5,14.8,28
1861,3,1861.204,192,17,31
1861,4,1861.288,187.1,16.8,30
1861,5,1861.371,107.8,12.6,31
1861,6,1861.455,167.5,15.8,30
1861,7,1861.538,148.2,14.8,31
1861,8,1861.623,156.7,15.3,31
1861,9,1861.707,151.9,15,30
1861,10,1861.79,127.7,13.8,31
1861,11,1861.874,102,12.3,30
1861,12,1861.958,152.8,15.1,31
1862,1,1862.042,119.9,13.3,31
1862,2,1862.123,122.4,13.5,28
1862,3,1862.204,82.7,11,31
1862,4,1862.288,102.1,12.2,30
1862,5,1862.371,122.4,13.4,31
1862,6,1862.455,159.7,15.4,30
1862,7,1862.538,139.5,14.4,31
1862,8,1862.623,118.7,13.2,31
1862,9,1862.707,126.4,13.7,30
1862,10,1862.79,79.8,10.8,31
1862,11,1862.874,96,11.9,30
1862,12,1862.958,77.6,10.7,31
1863,1,1863.042,91.8,11.6,31
1863,2,1863.123,107.7,12.6,28
1863,3,1863.204,126,13.6,31
1863,4,1863.288,77.1,10.6,30
1863,5,1863.371,102.1,12.2,31
1863,6,1863.455,77.6,10.7,30
1863,7,1863.538,62,9.5,31
1863,8,1863.623,91.3,11.6,31
1863,9,1863.707,41.7,7.8,30
1863,10,1863.79,75.7,10.5,31
1863,11,1863.874,71.6,10.2,30
1863,12,1863.958,78.1,10.7,31
1864,1,1864.042,109.7,12.7,31
1864,2,1864.124,89.5,11.5,29
1864,3,1864.206,125.9,13.6,31
1864,4,1864.29,68.1,10,30
1864,5,1864.373,77.1,10.6,31
1864,6,1864.456,109.9,12.8,30
1864,7,1864.54,103.8,12.4,31
1864,8,1864.624,104.1,12.5,31
1864,9,1864.708,54.2,8.9,30
1864,10,1864.791,64.4,9.7,31
1864,11,1864.874,109.3,12.7,30
1864,12,1864.958,54.3,8.9,31
1865,1,1865.042,92.5,11.7,31
1865,2,1865.123,74.6,10.5,28
1865,3,1865.204,75,10.5,31
1865,4,1865.288,55.9,9,30
1865,5,1865.371,65.6,9.8,31
1865,6,1865.455,63.8,9.7,30
1865,7,1865.538,50.8,8.6,31
1865,8,1865.623,71.8,10.3,31
1865,9,1865.707,41,7.7,30
1865,10,1865.79,32.5,6.9,31
1865,11,1865.874,46.7,8.2,30
1865,12,1865.958,24.3,5.9,31
1866,1,1866.042,60,9.4,31
1866,2,1866.123,72.9,10.4,28
1866,3,1866.204,46.6,8.2,31
1866,4,1866.288,33.5,7,30
1866,5,1866.371,24.6,6,31
1866,6,1866.455,31.4,6.7,30
1866,7,1866.538,17.6,5,31
1866,8,1866.623,24.2,5.9,31
1866,9,1866.707,13.9,4.5,30
1866,10,1866.79,26.8,6.2,31
1866,11,1866.874,17.2,5,30
1866,12,1866.958,2.9,2,31
1867,1,1867.042,0,0,31
1867,2,1867.123,1.4,1.4,28
1867,3,1867.204,17.4,5,31
1867,4,1867.288,9.7,3.7,30
1867,5,1867.371,5.5,2.8,31
1867,6,1867.455,2.8,2,30
1867,7,1867.538,9.5,3.7,31
1867,8,1867.623,9.1,3.6,31
1867,9,1867.707,18.7,5.2,30
1867,10,1867.79,25.5,6.1,31
1867,11,1867.874,18.1,5.1,30
1867,12,1867.958,47.9,8.4,31
1868,1,1868.042,25.9,5.9,31
1868,2,1868.124,26.3,5.8,29
1868,3,1868.206,44,7.5,31
1868,4,1868.29,61.1,8.8,30
1868,5,1868.373,44.5,7.5,31
1868,6,1868.456,51.8,8.1,30
1868,7,1868.54,48.3,7.9,31
1868,8,1868.624,57.3,8.5,31
1868,9,1868.708,78.7,10,30
1868,10,1868.791,102.8,11.4,31
1868,11,1868.874,98.7,11.2,30
1868,12,1868.958,112.8,11.9,31
1869,1,1869.042,101.6,11.3,31
1869,2,1869.123,99.9,11.2,28
1869,3,1869.204,88,10.5,31
1869,4,1869.288,68.4,9.3,30
1869,5,1869.371,173.4,14.8,31
1869,6,1869.455,180.7,15.1,30
1869,7,1869.538,98.8,11.2,31
1869,8,1869.623,132.7,12.9,31
1869,9,1869.707,134.5,13,30
1869,10,1869.79,99,11.2,31
1869,11,1869.874,130.2,12.8,30
1869,12,1869.958,174.1,14.8,31
1870,1,1870.042,129,12.7,31
1870,2,1870.123,191.7,15.5,28
1870,3,1870.204,262.7,18.2,31
1870,4,1870.288,266.9,18.3,30
1870,5,1870.371,293.6,19.2,31
1870,6,1870.455,226.3,16.9,30
1870,7,1870.538,220.9,16.7,31
1870,8,1870.623,256.5,18,31
1870,9,1870.707,226.8,16.9,30
1870,10,1870.79,244.3,17.5,31
1870,11,1870.874,246,17.6,30
1870,12,1870.958,216.7,16.5,31
1871,1,1871.042,147.2,13.6,31
1871,2,1871.123,209,16.2,28
1871,3,1871.204,238.7,17.4,31
1871,4,1871.288,270.9,18.5,30
1871,5,1871.371,242.6,17.5,31
1871,6,1871.455,152.9,13.9,30
1871,7,1871.538,171.8,14.7,31
1871,8,1871.623,183.7,15.2,31
1871,9,1871.707,133.9,13,30
1871,10,1871.79,148.5,13.7,31
1871,11,1871.874,175.7,14.9,30
1871,12,1871.958,150.8,13.8,31
1872,1,1872.042,132.7,12.9,31
1872,2,1872.124,200.3,15.9,29
1872,3,1872.206,147.5,13.6,31
1872,4,1872.29,170.4,14.7,30
1872,5,1872.373,179.5,15,31
1872,6,1872.456,183.3,15.2,30
1872,7,1872.54,176,14.9,31
1872,8,1872.624,155,14,31
1872,9,1872.708,191.1,15.5,30
1872,10,1872.791,171.2,14.7,31
1872,11,1872.874,186.8,15.3,30
1872,12,1872.958,139.9,13.3,31
1873,1,1873.042,144.6,13.5,31
1873,2,1873.123,178.4,15,28
1873,3,1873.204,164,14.4,31
1873,4,1873.288,127.1,12.7,30
1873,5,1873.371,80,10.1,31
1873,6,1873.455,74.8,9.8,30
1873,7,1873.538,111.7,11.9,31
1873,8,1873.623,113.8,12,31
1873,9,1873.707,78.7,10,30
1873,10,1873.79,78.6,10,31
1873,11,1873.874,92.5,10.8,30
1873,12,1873.958,82,10.2,31
1874,1,1874.042,101.4,11.3,31
1874,2,1874.123,107.1,11.6,28
1874,3,1874.204,77.5,9.9,31
1874,4,1874.288,53.5,8.2,30
1874,5,1874.371,74.6,9.7,31
1874,6,1874.455,63.8,9,30
1874,7,1874.538,113.2,11.9,31
1874,8,1874.623,102.3,11.3,31
1874,9,1874.707,46.8,7.7,30
1874,10,1874.79,57.4,8.5,31
1874,11,1874.874,48.2,7.8,30
1874,12,1874.958,48.8,7.9,31
1875,1,1875.042,24.4,5.7,31
1875,2,1875.123,35.9,6.8,28
1875,3,1875.204,56.4,8.4,31
1875,4,1875.288,48.6,7.8,30
1875,5,1875.371,19.2,5.1,31
1875,6,1875.455,39.9,7.1,30
1875,7,1875.538,20.9,5.3,31
1875,8,1875.623,24.4,5.7,31
1875,9,1875.707,4,2.9,30
1875,10,1875.79,21.3,5.3,31
1875,11,1875.874,29.6,6.3,30
1875,12,1875.958,16.5,4.8,31
1876,1,1876.042,23.9,5.7,31
1876,2,1876.124,25.1,5.7,29
1876,3,1876.206,51.1,8.1,31
1876,4,1876.29,3.9,2.9,30
1876,5,1876.373,8.5,3.7,31
1876,6,1876.456,2.7,2.6,30
1876,7,1876.54,25.5,5.8,31
1876,8,1876.624,14.8,4.5,31
1876,9,1876.708,16.6,4.8,30
1876,10,1876.791,23.9,5.6,31
1876,11,1876.874,16.6,4.8,30
1876,12,1876.958,13.6,4.4,31
1877,1,1877.042,40.6,7.2,31
1877,2,1877.123,14.5,4.4,28
1877,3,1877.204,19.9,5.2,31
1877,4,1877.288,26.3,5.9,30
1877,5,1877.371,36.1,6.8,31
1877,6,1877.455,23.6,5.5,30
1877,7,1877.538,10,3.8,31
1877,8,1877.623,10.5,3.9,31
1877,9,1877.707,28.1,6,30
1877,10,1877.79,11.2,4.1,31
1877,11,1877.874,23.6,5.6,30
1877,12,1877.958,3.5,2.7,31
1878,1,1878.042,5.5,3.1,31
1878,2,1878.123,11,4.1,28
1878,3,1878.204,13.1,4.3,31
1878,4,1878.288,0.2,2,30
1878,5,1878.371,9.9,3.9,31
1878,6,1878.455,10.7,4,30
1878,7,1878.538,0.2,2,31
1878,8,1878.623,0,2,31
1878,9,1878.707,8.8,3.7,30
1878,10,1878.79,1.9,2.4,31
1878,11,1878.874,6.8,3.3,30
1878,12,1878.958,0.9,2.2,31
1879,1,1879.042,1.6,2.3,31
1879,2,1879.123,0.9,2.2,28
1879,3,1879.204,0,2,31
1879,4,1879.288,10.4,3.9,30
1879,5,1879.371,4,2.8,31
1879,6,1879.455,8,3.6,30
1879,7,1879.538,12.6,4.2,31
1879,8,1879.623,17.9,5,31
1879,9,1879.707,10.1,3.8,30
1879,10,1879.79,20.4,5.2,31
1879,11,1879.874,21.9,5.4,30
1879,12,1879.958,12.2,4.1,31
1880,1,1880.042,40.1,7.2,31
1880,2,1880.124,45.4,7.6,29
1880,3,1880.206,32.1,6.4,31
1880,4,1880.29,32.4,6.4,30
1880,5,1880.373,39.1,7.1,31
1880,6,1880.456,56.9,8.5,30
1880,7,1880.54,36.5,6.8,31
1880,8,1880.624,80.3,10.1,31
1880,9,1880.708,110.1,11.8,30
1880,10,1880.791,71.7,9.5,31
1880,11,1880.874,51.1,8.1,30
1880,12,1880.958,49.4,7.9,31
1881,1,1881.042,60.6,8.7,31
1881,2,1881.123,88.6,10.6,28
1881,3,1881.204,85.8,10.4,31
1881,4,1881.288,86.1,10.4,30
1881,5,1881.371,72.5,9.6,31
1881,6,1881.455,100.8,11.3,30
1881,7,1881.538,128.2,12.7,31
1881,8,1881.623,97.3,11.1,31
1881,9,1881.707,88.6,10.6,30
1881,10,1881.79,107.3,11.6,31
1881,11,1881.874,91.5,10.7,30
1881,12,1881.958,78.8,10,31
1882,1,1882.042,75,9.7,31
1882,2,1882.123,115.9,12.1,28
1882,3,1882.204,111.5,11.8,31
1882,4,1882.288,159.6,14.2,30
1882,5,1882.371,106.9,11.6,31
1882,6,1882.455,75.4,9.8,30
1882,7,1882.538,75.7,9.8,31
1882,8,1882.623,67.5,9.2,31
1882,9,1882.707,96.1,11,30
1882,10,1882.79,98.6,11.2,31
1882,11,1882.874,140.6,13.3,30
1882,12,1882.958,69.7,9.4,31
1883,1,1883.042,101,11.3,31
1883,2,1883.123,78.2,10,28
1883,3,1883.204,71.3,9.5,31
1883,4,1883.288,136.8,13.1,30
1883,5,1883.371,52.5,8.1,31
1883,6,1883.455,127.2,12.7,30
1883,7,1883.538,134.4,13,31
1883,8,1883.623,76.6,9.8,31
1883,9,1883.707,87.8,10.5,30
1883,10,1883.79,139.6,13.3,31
1883,11,1883.874,140.8,13.3,30
1883,12,1883.958,126.5,12.6,31
1884,1,1884.042,152.6,13.9,31
1884,2,1884.124,144.8,13.5,29
1884,3,1884.206,145.8,13.6,31
1884,4,1884.29,126.9,12.7,30
1884,5,1884.373,110.9,11.8,31
1884,6,1884.456,85.3,10.4,30
1884,7,1884.54,88.5,10.6,31
1884,8,1884.624,93.1,10.8,31
1884,9,1884.708,103.1,11.4,30
1884,10,1884.791,79.6,10,31
1884,11,1884.874,60.9,8.8,30
1884,12,1884.958,78.6,10,31
1885,1,1885.042,71.4,9.5,31
1885,2,1885.123,119.7,12.3,28
1885,3,1885.204,82.9,10.2,31
1885,4,1885.288,91.7,10.8,30
1885,5,1885.371,121.6,12.4,31
1885,6,1885.455,139.5,13.3,30
1885,7,1885.538,110.9,11.8,31
1885,8,1885.623,83.5,10.3,31
1885,9,1885.707,66,9.1,30
1885,10,1885.79,64.5,9.1,31
1885,11,1885.874,51.6,8.1,30
1885,12,1885.958,36.3,6.8,31
1886,1,1886.042,49.8,8,31
1886,2,1886.123,43.2,7.4,28
1886,3,1886.204,95.5,11,31
1886,4,1886.288,72.9,9.6,30
1886,5,1886.371,51.2,8,31
1886,6,1886.455,45.3,7.6,30
1886,7,1886.538,50.4,8,31
1886,8,1886.623,28.1,6,31
1886,9,1886.707,35.7,6.8,30
1886,10,1886.79,14.4,4.3,31
1886,11,1886.874,0.6,2.1,30
1886,12,1886.958,21.7,5.3,31
1887,1,1887.042,17,4.8,31
1887,2,1887.123,22,5.4,28
1887,3,1887.204,7.1,3.3,31
1887,4,1887.288,11.6,4,30
1887,5,1887.371,33.4,6.5,31
1887,6,1887.455,26.1,5.7,30
1887,7,1887.538,38.9,7,31
1887,8,1887.623,35.7,6.8,31
1887,9,1887.707,12.4,4.2,30
1887,10,1887.79,11,3.9,31
1887,11,1887.874,11.5,4,30
1887,12,1887.958,34.5,6.6,31
1888,1,1888.042,21.2,5.3,31
1888,2,1888.124,11.8,4.1,29
1888,3,1888.206,13.1,4.3,31
1888,4,1888.29,8.5,3.5,30
1888,5,1888.373,11.7,4.1,31
1888,6,1888.456,11.8,4,30
1888,7,1888.54,5,2.9,31
1888,8,1888.624,4.6,2.9,31
1888,9,1888.708,14.6,4.4,30
1888,10,1888.791,3.4,2.7,31
1888,11,1888.874,17.9,4.8,30
1888,12,1888.958,11.1,3.9,31
1889,1,1889.042,1.3,2.3,31
1889,2,1889.123,14.2,4.5,28
1889,3,1889.204,11.1,4,31
1889,4,1889.288,7.3,3.4,30
1889,5,1889.371,4,2.8,31
1889,6,1889.455,10.8,4,30
1889,7,1889.538,15.8,4.6,31
1889,8,1889.623,34.3,6.7,31
1889,9,1889.707,10.9,3.9,30
1889,10,1889.79,3.4,2.6,31
1889,11,1889.874,0.3,2,30
1889,12,1889.958,11.2,4.1,31
1890,1,1890.042,8.8,3.6,31
1890,2,1890.123,1.1,2.2,28
1890,3,1890.204,8.5,3.6,31
1890,4,1890.288,2.7,2.5,30
1890,5,1890.371,7.9,3.5,31
1890,6,1890.455,2.2,2.4,30
1890,7,1890.538,19.3,5.1,31
1890,8,1890.623,14.2,4.4,31
1890,9,1890.707,28.6,6,30
1890,10,1890.79,18.6,5,31
1890,11,1890.874,15.9,4.7,30
1890,12,1890.958,13.1,4.2,31
1891,1,1891.042,22.5,5.5,31
1891,2,1891.123,36.9,6.9,28
1891,3,1891.204,17.2,4.7,31
1891,4,1891.288,34.2,6.6,30
1891,5,1891.371,68.5,9.3,31
1891,6,1891.455,80.4,10.1,30
1891,7,1891.538,98,11.1,31
1891,8,1891.623,55.1,8.3,31
1891,9,1891.707,89.7,10.7,30
1891,10,1891.79,86,10.4,31
1891,11,1891.874,69.8,9.4,30
1891,12,1891.958,54.3,8.3,31
1892,1,1892.042,115.2,12.1,31
1892,2,1892.124,126.1,12.6,29
1892,3,1892.206,83.3,10.3,31
1892,4,1892.29,116,12.1,30
1892,5,1892.373,132.7,12.9,31
1892,6,1892.456,127.3,12.7,30
1892,7,1892.54,127.6,12.7,31
1892,8,1892.624,169,14.6,31
1892,9,1892.708,104.7,11.5,30
1892,10,1892.791,117.5,12.2,31
1892,11,1892.874,108.9,11.7,30
1892,12,1892.958,131,12.9,31
1893,1,1893.042,125,10,31
1893,2,1893.123,121.6,9.8,28
1893,3,1893.204,109.5,9.3,31
1893,4,1893.288,146.8,10.8,30
1893,5,1893.371,141.3,10.6,31
1893,6,1893.455,149.8,10.9,30
1893,7,1893.538,147.6,10.9,31
1893,8,1893.623,215.4,13.1,31
1893,9,1893.707,129.9,10.2,30
1893,10,1893.79,133.3,10.3,31
1893,11,1893.874,125.2,10,30
1893,12,1893.958,156.4,11.2,31
1894,1,1894.042,138.6,10.5,31
1894,2,1894.123,141,10.6,28
1894,3,1894.204,87.1,8.3,31
1894,4,1894.288,136,10.4,30
1894,5,1894.371,168.7,11.6,31
1894,6,1894.455,164.8,11.5,30
1894,7,1894.538,176.7,11.9,31
1894,8,1894.623,117.1,9.6,31
1894,9,1894.707,110,9.4,30
1894,10,1894.79,125.7,10,31
1894,11,1894.874,94.3,8.7,30
1894,12,1894.958,100.1,8.9,31
1895,1,1895.042,105.4,9.2,31
1895,2,1895.123,112,9.4,28
1895,3,1895.204,101.6,9,31
1895,4,1895.288,128.2,10.1,30
1895,5,1895.371,112.5,9.4,31
1895,6,1895.455,119.1,9.7,30
1895,7,1895.538,79.7,8,31
1895,8,1895.623,114.9,9.6,31
1895,9,1895.707,96.1,8.8,30
1895,10,1895.79,113.2,9.5,31
1895,11,1895.874,78.6,7.9,30
1895,12,1895.958,117.9,9.7,31
1896,1,1896.042,48.4,6.2,31
1896,2,1896.124,95.7,8.7,29
1896,3,1896.206,86.5,8.3,31
1896,4,1896.29,73,7.6,30
1896,5,1896.373,46.1,6.1,31
1896,6,1896.456,81.7,8.1,30
1896,7,1896.54,75.2,7.7,31
1896,8,1896.624,45.4,6,31
1896,9,1896.708,102.2,9,30
1896,10,1896.791,47.9,6.2,31
1896,11,1896.874,63.3,7.1,30
1896,12,1896.958,71,7.5,31
1897,1,1897.042,67.6,7.3,31
1897,2,1897.123,49,6.2,28
1897,3,1897.204,48.7,6.2,31
1897,4,1897.288,51.7,6.4,30
1897,5,1897.371,33.3,5.2,31
1897,6,1897.455,18.9,4,30
1897,7,1897.538,46.1,6.1,31
1897,8,1897.623,36.4,5.4,31
1897,9,1897.707,80.4,8,30
1897,10,1897.79,23.9,4.5,31
1897,11,1897.874,14,3.5,30
1897,12,1897.958,55.5,6.7,31
1898,1,1898.042,50.4,6.3,31
1898,2,1898.123,60.7,7,28
1898,3,1898.204,63.9,7.2,31
1898,4,1898.288,24.2,4.5,30
1898,5,1898.371,43,5.9,31
1898,6,1898.455,37.1,5.4,30
1898,7,1898.538,15,3.7,31
1898,8,1898.623,52.3,6.5,31
1898,9,1898.707,58.1,6.8,30
1898,10,1898.79,57.1,6.8,31
1898,11,1898.874,51.6,6.4,30
1898,12,1898.958,21.1,4.2,31
1899,1,1899.042,32.4,5.1,31
1899,2,1899.123,15.3,3.7,28
1899,3,1899.204,30.3,5,31
1899,4,1899.288,23.6,4.4,30
1899,5,1899.371,12.9,3.3,31
1899,6,1899.455,34.1,5.2,30
1899,7,1899.538,22.5,4.4,31
1899,8,1899.623,4.9,2.6,31
1899,9,1899.707,14,3.5,30
1899,10,1899.79,21.7,4.4,31
1899,11,1899.874,13,3.4,30
1899,12,1899.958,17.6,3.9,31
1900,1,1900.042,15.7,3.7,31
1900,2,1900.123,22.8,4.5,28
1900,3,1900.204,14.4,3.6,31
1900,4,1900.288,26.8,4.6,30
1900,5,1900.371,25.3,4.6,31
1900,6,1900.455,20.1,4.2,30
1900,7,1900.538,13.9,3.6,31
1900,8,1900.623,7.1,2.9,31
1900,9,1900.707,13.9,3.6,30
1900,10,1900.79,21.6,4.3,31
1900,11,1900.874,7.5,2.9,30
1900,12,1900.958,0.5,2,31
1901,1,1901.042,0.4,2,31
1901,2,1901.123,4,2.4,28
1901,3,1901.204,7.4,3,31
1901,4,1901.288,0,2,30
1901,5,1901.371,17,4,31
1901,6,1901.455,9.7,3.1,30
1901,7,1901.538,1.2,2.1,31
1901,8,1901.623,1.7,2.2,31
1901,9,1901.707,0.9,2.1,30
1901,10,1901.79,6.3,2.8,31
1901,11,1901.874,6.4,2.7,30
1901,12,1901.958,0,2,31
1902,1,1902.042,9.3,3.2,31
1902,2,1902.123,0,2,28
1902,3,1902.204,20.7,4.3,31
1902,4,1902.288,0,2,30
1902,5,1902.371,4.7,2.5,31
1902,6,1902.455,2.4,2.3,30
1902,7,1902.538,1.5,2.2,31
1902,8,1902.623,3.8,2.4,31
1902,9,1902.707,12.6,3.5,30
1902,10,1902.79,27.2,4.7,31
1902,11,1902.874,17.2,4,30
1902,12,1902.958,1.8,2.2,31
1903,1,1903.042,13.9,3.5,31
1903,2,1903.123,28.4,4.8,28
1903,3,1903.204,22.5,4.4,31
1903,4,1903.288,43.5,5.9,30
1903,5,1903.371,24.3,4.5,31
1903,6,1903.455,27.2,4.7,30
1903,7,1903.538,46.4,6.1,31
1903,8,1903.623,48,6.2,31
1903,9,1903.707,18.5,4,30
1903,10,1903.79,64.8,7.2,31
1903,11,1903.874,74.2,7.7,30
1903,12,1903.958,76.2,7.8,31
1904,1,1904.042,52.6,6.5,31
1904,2,1904.124,40.8,5.7,29
1904,3,1904.206,61.9,7,31
1904,4,1904.29,71.6,7.6,30
1904,5,1904.373,65.7,7.2,31
1904,6,1904.456,69.8,7.5,30
1904,7,1904.54,84.3,8.2,31
1904,8,1904.624,97.1,8.8,31
1904,9,1904.708,50.2,6.3,30
1904,10,1904.791,90.4,8.5,31
1904,11,1904.874,63.4,7.1,30
1904,12,1904.958,91.1,8.5,31
1905,1,1905.042,91.2,8.5,31
1905,2,1905.123,143,10.7,28
1905,3,1905.204,94.3,8.7,31
1905,4,1905.288,65.5,7.2,30
1905,5,1905.371,79.9,8,31
1905,6,1905.455,81.6,8.1,30
1905,7,1905.538,121.6,9.8,31
1905,8,1905.623,98.1,8.8,31
1905,9,1905.707,91.8,8.5,30
1905,10,1905.79,131.2,10.2,31
1905,11,1905.874,178.7,11.9,30
1905,12,1905.958,92.5,8.6,31
1906,1,1906.042,75.8,7.8,31
1906,2,1906.123,52.3,6.5,28
1906,3,1906.204,107.4,9.2,31
1906,4,1906.288,92.2,8.6,30
1906,5,1906.371,96.2,8.7,31
1906,6,1906.455,105.3,9.2,30
1906,7,1906.538,172.7,11.7,31
1906,8,1906.623,79.6,8,31
1906,9,1906.707,93.5,8.6,30
1906,10,1906.79,29.7,4.9,31
1906,11,1906.874,64.8,7.2,30
1906,12,1906.958,108,9.3,31
1907,1,1907.042,127.4,10.1,31
1907,2,1907.123,180.3,12,28
1907,3,1907.204,101.1,9,31
1907,4,1907.288,87.6,8.4,30
1907,5,1907.371,71.4,7.5,31
1907,6,1907.455,67.2,7.3,30
1907,7,1907.538,82.9,8.1,31
1907,8,1907.623,90.5,8.5,31
1907,9,1907.707,141.7,10.6,30
1907,10,1907.79,109.1,9.3,31
1907,11,1907.874,102.5,9,30
1907,12,1907.958,78.9,7.9,31
1908,1,1908.042,65.4,7.2,31
1908,2,1908.124,56.6,6.7,29
1908,3,1908.206,47.9,6.2,31
1908,4,1908.29,96.1,8.7,30
1908,5,1908.373,68,7.4,31
1908,6,1908.456,80.2,8,30
1908,7,1908.54,65.8,7.2,31
1908,8,1908.624,150.9,11,31
1908,9,1908.708,144.9,10.7,30
1908,10,1908.791,53.9,6.6,31
1908,11,1908.874,75.9,7.8,30
1908,12,1908.958,65.9,7.2,31
1909,1,1909.042,94.6,8.7,31
1909,2,1909.123,77.6,7.9,28
1909,3,1909.204,110.5,9.4,31
1909,4,1909.288,53.7,6.5,30
1909,5,1909.371,60,6.9,31
1909,6,1909.455,37.8,5.5,30
1909,7,1909.538,59.6,6.9,31
1909,8,1909.623,38.5,5.5,31
1909,9,1909.707,64.7,7.2,30
1909,10,1909.79,97.4,8.8,31
1909,11,1909.874,93,8.6,30
1909,12,1909.958,90.2,8.5,31
1910,1,1910.042,44,5.9,31
1910,2,1910.123,52.5,6.5,28
1910,3,1910.204,35.7,5.3,31
1910,4,1910.288,14.1,3.5,30
1910,5,1910.371,36.9,5.4,31
1910,6,1910.455,20.5,4.1,30
1910,7,1910.538,23.5,4.4,31
1910,8,1910.623,19.3,4.1,31
1910,9,1910.707,43.7,5.9,30
1910,10,1910.79,63.9,7.1,31
1910,11,1910.874,8.3,3,30
1910,12,1910.958,9.6,3.1,31
1911,1,1911.042,5.6,2.6,31
1911,2,1911.123,15,3.7,28
1911,3,1911.204,13,3.5,31
1911,4,1911.288,27.6,4.7,30
1911,5,1911.371,15.1,3.7,31
1911,6,1911.455,3.7,2.4,30
1911,7,1911.538,5.9,2.7,31
1911,8,1911.623,6.7,2.7,31
1911,9,1911.707,6.7,2.8,30
1911,10,1911.79,4.5,2.5,31
1911,11,1911.874,7,2.7,30
1911,12,1911.958,3.7,2.4,31
1912,1,1912.042,0.4,2.1,31
1912,2,1912.124,0,2,29
1912,3,1912.206,8.2,2.9,31
1912,4,1912.29,7.6,3,30
1912,5,1912.373,7.4,2.8,31
1912,6,1912.456,6.9,2.7,30
1912,7,1912.54,4.9,2.6,31
1912,8,1912.624,0.5,2.1,31
1912,9,1912.708,15.9,3.7,30
1912,10,1912.791,7.6,3,31
1912,11,1912.874,1.9,2.3,30
1912,12,1912.958,10.6,3.3,31
1913,1,1913.042,3.8,2.4,31
1913,2,1913.123,4.8,2.6,28
1913,3,1913.204,0.8,2.1,31
1913,4,1913.288,1.6,2.2,30
1913,5,1913.371,0,2,31
1913,6,1913.455,0,2,30
1913,7,1913.538,2.9,2.4,31
1913,8,1913.623,0.4,2,31
1913,9,1913.707,2,2.3,30
1913,10,1913.79,5.2,2.6,31
1913,11,1913.874,1.2,2.1,30
1913,12,1913.958,6.3,2.8,31
1914,1,1914.042,4.7,2.6,31
1914,2,1914.123,4.4,2.5,28
1914,3,1914.204,5.3,2.6,31
1914,4,1914.288,28.9,4.8,30
1914,5,1914.371,8.7,3.1,31
1914,6,1914.455,19.1,4.1,30
1914,7,1914.538,9.1,3,31
1914,8,1914.623,12.9,3.5,31
1914,9,1914.707,21.2,4.2,30
1914,10,1914.79,13.7,3.5,31
1914,11,1914.874,27.3,4.7,30
1914,12,1914.958,37.3,5.4,31
1915,1,1915.042,38.5,5.5,31
1915,2,1915.123,70.4,7.5,28
1915,3,1915.204,64.8,7.2,31
1915,4,1915.288,68.9,7.4,30
1915,5,1915.371,55.1,6.7,31
1915,6,1915.455,114.7,9.5,30
1915,7,1915.538,119.4,9.7,31
1915,8,1915.623,116,9.6,31
1915,9,1915.707,82.4,8.1,30
1915,10,1915.79,89.1,8.4,31
1915,11,1915.874,70.9,7.5,30
1915,12,1915.958,57.5,6.8,31
1916,1,1916.042,75.5,7.8,31
1916,2,1916.124,92.4,8.6,29
1916,3,1916.206,111.7,9.4,31
1916,4,1916.29,119.8,9.8,30
1916,5,1916.373,124,9.9,31
1916,6,1916.456,112.9,9.5,30
1916,7,1916.54,89.3,8.4,31
1916,8,1916.624,58.6,6.9,31
1916,9,1916.708,75.1,7.7,30
1916,10,1916.791,84.5,8.2,31
1916,11,1916.874,109.5,9.3,30
1916,12,1916.958,88.3,8.4,31
1917,1,1917.042,124.5,10,31
1917,2,1917.123,119.9,9.8,28
1917,3,1917.204,158,11.2,31
1917,4,1917.288,124.6,10,30
1917,5,1917.371,190.2,12.3,31
1917,6,1917.455,191.4,12.3,30
1917,7,1917.538,199.7,12.6,31
1917,8,1917.623,257.7,14.3,31
1917,9,1917.707,215.6,13.1,30
1917,10,1917.79,120.3,9.8,31
1917,11,1917.874,160.7,11.3,30
1917,12,1917.958,215.5,13.1,31
1918,1,1918.042,160,11.3,31
1918,2,1918.123,108.7,9.3,28
1918,3,1918.204,120.4,9.8,31
1918,4,1918.288,134.1,10.3,30
1918,5,1918.371,127.9,10.1,31
1918,6,1918.455,99,8.9,30
1918,7,1918.538,179.5,11.9,31
1918,8,1918.623,169.6,11.6,31
1918,9,1918.707,133.2,10.3,30
1918,10,1918.79,141.7,10.6,31
1918,11,1918.874,139,10.5,30
1918,12,1918.958,98.5,8.9,31
1919,1,1919.042,80.2,8,31
1919,2,1919.123,132.5,10.3,28
1919,3,1919.204,110.9,9.4,31
1919,4,1919.288,86.3,8.3,30
1919,5,1919.371,146.9,10.8,31
1919,6,1919.455,185.3,12.1,30
1919,7,1919.538,107.8,9.3,31
1919,8,1919.623,115.1,9.6,31
1919,9,1919.707,91.1,8.5,30
1919,10,1919.79,88,8.4,31
1919,11,1919.874,69.9,7.5,30
1919,12,1919.958,58,6.8,31
1920,1,1920.042,85.3,8.2,31
1920,2,1920.124,89.8,8.5,29
1920,3,1920.206,116.9,9.6,31
1920,4,1920.29,24.7,4.5,30
1920,5,1920.373,55.4,6.6,31
1920,6,1920.456,64.6,7.2,30
1920,7,1920.54,45.7,6,31
1920,8,1920.624,31.9,5.1,31
1920,9,1920.708,60.5,7,30
1920,10,1920.791,82.7,8.1,31
1920,11,1920.874,45.3,6,30
1920,12,1920.958,49.8,6.3,31
1921,1,1921.042,52.5,6.5,31
1921,2,1921.123,47.1,6.1,28
1921,3,1921.204,44.5,6,31
1921,4,1921.288,54,6.6,30
1921,5,1921.371,37,5.5,31
1921,6,1921.455,56.2,6.7,30
1921,7,1921.538,69.7,7.4,31
1921,8,1921.623,38,5.5,31
1921,9,1921.707,29.6,4.9,30
1921,10,1921.79,30.3,5,31
1921,11,1921.874,29.6,5,30
1921,12,1921.958,33.9,5.3,31
1922,1,1922.042,19.7,4.1,31
1922,2,1922.123,43.9,6,28
1922,3,1922.204,91.3,8.5,31
1922,4,1922.288,18.3,4,30
1922,5,1922.371,13.4,3.5,31
1922,6,1922.455,9.8,3.1,30
1922,7,1922.538,18.3,4,31
1922,8,1922.623,10.9,3.3,31
1922,9,1922.707,7.8,2.8,30
1922,10,1922.79,10.4,3.2,31
1922,11,1922.874,12.2,3.3,30
1922,12,1922.958,29,5,31
1923,1,1923.042,7.5,3,31
1923,2,1923.123,2.5,2.3,28
1923,3,1923.204,5.5,2.6,31
1923,4,1923.288,10.2,3.1,30
1923,5,1923.371,5.3,2.6,31
1923,6,1923.455,15.3,3.7,30
1923,7,1923.538,5.9,2.7,31
1923,8,1923.623,0.8,2.1,31
1923,9,1923.707,22.1,4.2,30
1923,10,1923.79,19.5,4,31
1923,11,1923.874,16.7,3.8,30
1923,12,1923.958,4.6,2.6,31
1924,1,1924.042,0.8,2.1,31
1924,2,1924.124,8.5,3.1,29
1924,3,1924.206,3,2.4,31
1924,4,1924.29,18.9,4.2,30
1924,5,1924.373,34.6,5.3,31
1924,6,1924.456,40,5.6,30
1924,7,1924.54,46.9,6.1,31
1924,8,1924.624,32.1,5.1,31
1924,9,1924.708,41.9,5.8,30
1924,10,1924.791,42.6,5.8,31
1924,11,1924.874,37.5,5.6,30
1924,12,1924.958,27.5,4.8,31
1925,1,1925.042,9.1,3.1,31
1925,2,1925.123,38.6,5.6,28
1925,3,1925.204,30,5,31
1925,4,1925.288,53,6.5,30
1925,5,1925.371,71.4,7.5,31
1925,6,1925.455,79.1,7.9,30
1925,7,1925.538,64.2,7.2,31
1925,8,1925.623,63.3,7.1,31
1925,9,1925.707,100.3,8.9,30
1925,10,1925.79,115.3,9.6,31
1925,11,1925.874,97.6,8.8,30
1925,12,1925.958,164.4,11.4,31
1926,1,1926.042,119.7,9.8,31
1926,2,1926.123,116.4,9.6,28
1926,3,1926.204,104.2,9.1,31
1926,4,1926.288,64.2,7.2,30
1926,5,1926.371,107,9.2,31
1926,6,1926.455,122.4,9.9,30
1926,7,1926.538,87.2,8.3,31
1926,8,1926.623,102.7,9,31
1926,9,1926.707,101.4,9,30
1926,10,1926.79,119.3,9.7,31
1926,11,1926.874,100.8,9,30
1926,12,1926.958,132.4,10.3,31
1927,1,1927.042,136,10.4,31
1927,2,1927.123,155.1,11.1,28
1927,3,1927.204,116.1,9.6,31
1927,4,1927.288,155.8,11.1,30
1927,5,1927.371,131.9,10.2,31
1927,6,1927.455,98.5,8.8,30
1927,7,1927.538,91.6,8.5,31
1927,8,1927.623,89.6,8.4,31
1927,9,1927.707,114.1,9.5,30
1927,10,1927.79,105.2,9.1,31
1927,11,1927.874,112.1,9.4,30
1927,12,1927.958,75.3,7.7,31
1928,1,1928.042,139.2,10.5,31
1928,2,1928.124,122.4,9.9,29
1928,3,1928.206,142.4,10.7,31
1928,4,1928.29,134.3,10.3,30
1928,5,1928.373,128.3,10.1,31
1928,6,1928.456,152.4,11,30
1928,7,1928.54,163.4,11.4,31
1928,8,1928.624,139.6,10.5,31
1928,9,1928.708,149.6,10.9,30
1928,10,1928.791,102.3,9,31
1928,11,1928.874,83.9,8.2,30
1928,12,1928.958,98.3,8.8,31
1929,1,1929.042,114.8,9.6,31
1929,2,1929.123,104.7,9.1,28
1929,3,1929.204,83.8,8.2,31
1929,4,1929.288,87.9,8.4,30
1929,5,1929.371,97,8.8,31
1929,6,1929.455,119.9,9.8,30
1929,7,1929.538,117.1,9.6,31
1929,8,1929.623,109.6,9.3,31
1929,9,1929.707,57.3,6.8,30
1929,10,1929.79,90.1,8.5,31
1929,11,1929.874,135.1,10.4,30
1929,12,1929.958,179.9,12,31
1930,1,1930.042,108.8,9.3,31
1930,2,1930.123,83.1,8.1,28
1930,3,1930.204,58.4,6.8,31
1930,4,1930.288,63.7,7.1,30
1930,5,1930.371,61.4,7,31
1930,6,1930.455,48,6.2,30
1930,7,1930.538,36.5,5.4,31
1930,8,1930.623,41.5,5.7,31
1930,9,1930.707,53.5,6.5,30
1930,10,1930.79,57.2,6.8,31
1930,11,1930.874,59.4,6.9,30
1930,12,1930.958,43,5.9,31
1931,1,1931.042,24.4,4.5,31
1931,2,1931.123,71.8,7.6,28
1931,3,1931.204,50.1,6.3,31
1931,4,1931.288,52,6.4,30
1931,5,1931.371,40.8,5.7,31
1931,6,1931.455,25.5,4.7,30
1931,7,1931.538,29,4.8,31
1931,8,1931.623,21.6,4.3,31
1931,9,1931.707,31.7,5,30
1931,10,1931.79,16.6,3.7,31
1931,11,1931.874,31.2,5.1,30
1931,12,1931.958,29.7,4.9,31
1932,1,1932.042,20.1,4.1,31
1932,2,1932.124,17.6,3.9,29
1932,3,1932.206,18.8,4,31
1932,4,1932.29,18.7,4.1,30
1932,5,1932.373,29.7,4.9,31
1932,6,1932.456,36.9,5.4,30
1932,7,1932.54,16,3.8,31
1932,8,1932.624,11.3,3.3,31
1932,9,1932.708,6.6,2.7,30
1932,10,1932.791,14.8,3.5,31
1932,11,1932.874,13.7,3.5,30
1932,12,1932.958,18.5,3.9,31
1933,1,1933.042,20.4,4.2,31
1933,2,1933.123,36.9,5.6,28
1933,3,1933.204,16.8,3.8,31
1933,4,1933.288,4.9,2.6,30
1933,5,1933.371,5.3,2.6,31
1933,6,1933.455,8.7,3,30
1933,7,1933.538,4.7,2.6,31
1933,8,1933.623,0.4,2,31
1933,9,1933.707,8.5,3,30
1933,10,1933.79,5,2.6,31
1933,11,1933.874,1,2.1,30
1933,12,1933.958,0.4,2.1,31
1934,1,1934.042,5.7,2.7,31
1934,2,1934.123,12.9,3.4,28
1934,3,1934.204,7.2,2.8,31
1934,4,1934.288,18.8,4,30
1934,5,1934.371,32.9,5.2,31
1934,6,1934.455,11.2,3.3,30
1934,7,1934.538,15.3,3.7,31
1934,8,1934.623,13.9,3.6,31
1934,9,1934.707,6.7,2.8,30
1934,10,1934.79,9.5,3,31
1934,11,1934.874,14.5,3.6,30
1934,12,1934.958,25.7,4.7,31
1935,1,1935.042,31.1,5,31
1935,2,1935.123,34.1,5.2,28
1935,3,1935.204,38.5,5.6,31
1935,4,1935.288,20.4,4.2,30
1935,5,1935.371,45.4,6.1,31
1935,6,1935.455,76.2,7.8,30
1935,7,1935.538,56.5,6.7,31
1935,8,1935.623,50.2,6.3,31
1935,9,1935.707,70.1,7.5,30
1935,10,1935.79,88.7,8.4,31
1935,11,1935.874,107,9.2,30
1935,12,1935.958,102.5,9,31
1936,1,1936.042,104.7,9.1,31
1936,2,1936.124,123.9,9.9,29
1936,3,1936.206,128.4,10.1,31
1936,4,1936.29,124.8,10,30
1936,5,1936.373,90.9,8.5,31
1936,6,1936.456,116.7,9.6,30
1936,7,1936.54,87.2,8.3,31
1936,8,1936.624,145,10.7,31
1936,9,1936.708,126.7,10,30
1936,10,1936.791,148.2,10.9,31
1936,11,1936.874,192.3,12.4,30
1936,12,1936.958,205.6,12.8,31
1937,1,1937.042,220.9,13.3,31
1937,2,1937.123,214.1,13,28
1937,3,1937.204,139.7,10.5,31
1937,4,1937.288,182.2,12,30
1937,5,1937.371,194.4,12.4,31
1937,6,1937.455,217.1,13.1,30
1937,7,1937.538,241.8,13.9,31
1937,8,1937.623,229.5,13.5,31
1937,9,1937.707,167.9,11.6,30
1937,10,1937.79,208.2,12.9,31
1937,11,1937.874,123.9,9.9,30
1937,12,1937.958,147.9,10.8,31
1938,1,1938.042,164,11.4,31
1938,2,1938.123,198.6,12.6,28
1938,3,1938.204,144.2,10.7,31
1938,4,1938.288,168.4,11.6,30
1938,5,1938.371,212.3,13,31
1938,6,1938.455,162.6,11.4,30
1938,7,1938.538,275.6,14.8,31
1938,8,1938.623,192.8,12.4,31
1938,9,1938.707,149.3,10.9,30
1938,10,1938.79,165.3,11.5,31
1938,11,1938.874,203.6,12.7,30
1938,12,1938.958,154.7,11.1,31
1939,1,1939.042,133.9,10.3,31
1939,2,1939.123,129,10.1,28
1939,3,1939.204,107.8,9.3,31
1939,4,1939.288,181.9,12,30
1939,5,1939.371,197.3,12.5,31
1939,6,1939.455,168.3,11.6,30
1939,7,1939.538,162.6,11.4,31
1939,8,1939.623,176.3,11.8,31
1939,9,1939.707,187.7,12.2,30
1939,10,1939.79,146.9,10.8,31
1939,11,1939.874,113.7,9.5,30
1939,12,1939.958,70.2,7.5,31
1940,1,1940.042,84.1,8.2,31
1940,2,1940.124,99.1,8.9,29
1940,3,1940.206,138.9,10.5,31
1940,4,1940.29,101.1,9,30
1940,5,1940.373,90.6,8.5,31
1940,6,1940.456,139.8,10.5,30
1940,7,1940.54,112.5,9.5,31
1940,8,1940.624,175.9,11.8,31
1940,9,1940.708,110.8,9.4,30
1940,10,1940.791,91.5,8.5,31
1940,11,1940.874,97.4,8.8,30
1940,12,1940.958,113.8,9.5,31
1941,1,1941.042,76.1,7.8,31
1941,2,1941.123,74.3,7.7,28
1941,3,1941.204,77.5,7.8,31
1941,4,1941.288,54.6,6.6,30
1941,5,1941.371,49,6.3,31
1941,6,1941.455,99.6,8.9,30
1941,7,1941.538,111.4,9.4,31
1941,8,1941.623,100.1,8.9,31
1941,9,1941.707,109.8,9.4,30
1941,10,1941.79,77.2,7.8,31
1941,11,1941.874,64,7.2,30
1941,12,1941.958,56.2,6.7,31
1942,1,1942.042,59.5,6.9,31
1942,2,1942.123,87.9,8.4,28
1942,3,1942.204,90.4,8.5,31
1942,4,1942.288,101.2,9,30
1942,5,1942.371,41.8,5.8,31
1942,6,1942.455,18.9,4,30
1942,7,1942.538,29.6,4.9,31
1942,8,1942.623,33.7,5.2,31
1942,9,1942.707,28.7,4.8,30
1942,10,1942.79,32,5.1,31
1942,11,1942.874,51.3,6.4,30
1942,12,1942.958,37.6,5.5,31
1943,1,1943.042,20.7,4.1,31
1943,2,1943.123,48.1,6.2,28
1943,3,1943.204,45.7,6,31
1943,4,1943.288,43.5,5.9,30
1943,5,1943.371,23.6,4.3,31
1943,6,1943.455,12.7,3.4,30
1943,7,1943.538,22,4.3,31
1943,8,1943.623,32.3,5.1,31
1943,9,1943.707,16.7,3.9,30
1943,10,1943.79,13,3.4,31
1943,11,1943.874,17,3.9,30
1943,12,1943.958,31.4,5.1,31
1944,1,1944.042,6.1,2.7,31
1944,2,1944.124,0.8,2.1,29
1944,3,1944.206,18.3,4,31
1944,4,1944.29,0.4,2.1,30
1944,5,1944.373,4.1,2.6,31
1944,6,1944.456,8.2,2.8,30
1944,7,1944.54,8.5,2.9,31
1944,8,1944.624,27.9,4.8,31
1944,9,1944.708,23.7,4.4,30
1944,10,1944.791,28.1,4.8,31
1944,11,1944.874,17.9,3.9,30
1944,12,1944.958,47.4,6.2,31
1945,1,1945.042,30.8,5,31
1945,2,1945.123,21.2,4.2,28
1945,3,1945.204,35.9,5.4,31
1945,4,1945.288,53.4,6.5,30
1945,5,1945.371,51,6.4,31
1945,6,1945.455,60.2,6.9,30
1945,7,1945.538,71,7.5,31
1945,8,1945.623,43.1,5.9,31
1945,9,1945.707,58.1,6.8,30
1945,10,1945.79,114.5,9.5,31
1945,11,1945.874,76.6,7.8,30
1945,12,1945.958,45.7,6,31
1946,1,1946.042,79.3,7.9,31
1946,2,1946.123,143.8,10.7,28
1946,3,1946.204,127.7,10.1,31
1946,4,1946.288,126.1,10,30
1946,5,1946.371,141.6,10.6,31
1946,6,1946.455,122.6,9.9,30
1946,7,1946.538,193.7,12.4,31
1946,8,1946.623,178.7,11.9,31
1946,9,1946.707,157.4,11.2,30
1946,10,1946.79,170.5,11.6,31
1946,11,1946.874,206.3,12.8,30
1946,12,1946.958,202.9,12.7,31
1947,1,1947.042,163.7,8.5,31
1947,2,1947.123,188.9,9.2,28
1947,3,1947.204,183.8,9.1,31
1947,4,1947.288,212.1,9.7,30
1947,5,1947.371,285,11.3,31
1947,6,1947.455,232.1,10.2,30
1947,7,1947.538,223.5,10,31
1947,8,1947.623,267.4,10.9,31
1947,9,1947.707,239.9,10.4,30
1947,10,1947.79,231.7,10.2,31
1947,11,1947.874,181.3,9,30
1947,12,1947.958,164.9,8.6,31
1948,1,1948.042,153.6,8.3,31
1948,2,1948.124,122,7.4,29
1948,3,1948.206,134.3,7.7,31
1948,4,1948.29,268.5,11,30
1948,5,1948.373,246.4,10.5,31
1948,6,1948.456,237.5,10.3,30
1948,7,1948.54,201.4,9.5,31
1948,8,1948.624,223.7,10,31
1948,9,1948.708,202.9,9.5,30
1948,10,1948.791,192.9,9.3,31
1948,11,1948.874,135.6,7.8,30
1948,12,1948.958,195.3,9.3,31
1949,1,1949.042,168.6,8.7,31
1949,2,1949.123,258,10.8,28
1949,3,1949.204,223,10,31
1949,4,1949.288,208.1,9.7,30
1949,5,1949.371,150.4,8.2,31
1949,6,1949.455,172.4,8.8,30
1949,7,1949.538,178.3,8.9,31
1949,8,1949.623,175.3,8.9,31
1949,9,1949.707,205.8,9.6,30
1949,10,1949.79,186.3,9.1,31
1949,11,1949.874,203.2,9.5,30
1949,12,1949.958,166.6,8.6,31
1950,1,1950.042,143.9,8,31
1950,2,1950.123,134.3,7.7,28
1950,3,1950.204,155.4,8.3,31
1950,4,1950.288,160.6,8.5,30
1950,5,1950.371,150.5,8.2,31
1950,6,1950.455,118.3,7.3,30
1950,7,1950.538,128.9,7.6,31
1950,8,1950.623,120.6,7.3,31
1950,9,1950.707,72.7,5.7,30
1950,10,1950.79,87,6.2,31
1950,11,1950.874,77.7,5.9,30
1950,12,1950.958,76.7,5.9,31
1951,1,1951.042,85,6.2,31
1951,2,1951.123,84.8,6.1,28
1951,3,1951.204,79.3,5.9,31
1951,4,1951.288,131.7,7.7,30
1951,5,1951.371,153.7,8.3,31
1951,6,1951.455,142.4,8,30
1951,7,1951.538,87.2,6.2,31
1951,8,1951.623,86.5,6.2,31
1951,9,1951.707,117.7,7.2,30
1951,10,1951.79,73.3,5.7,31
1951,11,1951.874,74.2,5.7,30
1951,12,1951.958,65,5.4,31
1952,1,1952.042,57.9,5.1,31
1952,2,1952.124,32.4,3.8,29
1952,3,1952.206,31.5,3.8,31
1952,4,1952.29,41.7,4.3,30
1952,5,1952.373,33.6,3.9,31
1952,6,1952.456,52,4.8,30
1952,7,1952.54,56.1,5,31
1952,8,1952.624,77.8,5.9,31
1952,9,1952.708,40.4,4.3,30
1952,10,1952.791,34.2,3.9,31
1952,11,1952.874,31.8,3.8,30
1952,12,1952.958,48.9,4.7,31
1953,1,1953.042,37.9,4.1,31
1953,2,1953.123,5.9,1.7,28
1953,3,1953.204,14.7,2.6,31
1953,4,1953.288,39.6,4.2,30
1953,5,1953.371,18.3,2.9,31
1953,6,1953.455,31.5,3.8,30
1953,7,1953.538,12.7,2.4,31
1953,8,1953.623,33.6,3.9,31
1953,9,1953.707,28,3.6,30
1953,10,1953.79,12.3,2.4,31
1953,11,1953.874,2.5,1.1,30
1953,12,1953.958,3.9,1.3,31
1954,1,1954.042,0.4,0.4,31
1954,2,1954.123,0.8,0.6,28
1954,3,1954.204,15.8,2.7,31
1954,4,1954.288,2.7,1.1,30
1954,5,1954.371,1.2,0.7,31
1954,6,1954.455,0.4,0.4,30
1954,7,1954.538,7.3,1.9,31
1954,8,1954.623,12.6,2.4,31
1954,9,1954.707,2.3,1,30
1954,10,1954.79,10.5,2.2,31
1954,11,1954.874,13.4,2.5,30
1954,12,1954.958,11.3,2.3,31
1955,1,1955.042,33.4,3.9,31
1955,2,1955.123,29.9,3.7,28
1955,3,1955.204,7.3,1.9,31
1955,4,1955.288,16.4,2.7,30
1955,5,1955.371,41.3,4.3,31
1955,6,1955.455,45.2,4.5,30
1955,7,1955.538,38.2,4.1,31
1955,8,1955.623,58,5.1,31
1955,9,1955.707,60.8,5.2,30
1955,10,1955.79,83,6.1,31
1955,11,1955.874,126.3,7.5,30
1955,12,1955.958,108.8,6.9,31
1956,1,1956.042,104.1,6.8,31
1956,2,1956.124,175.6,8.9,29
1956,3,1956.206,167.7,8.6,31
1956,4,1956.29,156.7,8.4,30
1956,5,1956.373,193.4,9.3,31
1956,6,1956.456,165.1,8.6,30
1956,7,1956.54,182.7,9,31
1956,8,1956.624,240.2,10.4,31
1956,9,1956.708,245.4,10.5,30
1956,10,1956.791,219.9,9.9,31
1956,11,1956.874,285,11.3,30
1956,12,1956.958,272,11,31
1957,1,1957.042,233.7,10.2,31
1957,2,1957.123,184.5,9.1,28
1957,3,1957.204,222.8,10,31
1957,4,1957.288,248,10.5,30
1957,5,1957.371,233,10.2,31
1957,6,1957.455,284.3,11.3,30
1957,7,1957.538,265.1,10.9,31
1957,8,1957.623,223.7,10,31
1957,9,1957.707,334,12.3,30
1957,10,1957.79,359.4,12.7,31
1957,11,1957.874,298.6,11.6,30
1957,12,1957.958,339,12.3,31
1958,1,1958.042,286.7,11.3,31
1958,2,1958.123,233.6,10.2,28
1958,3,1958.204,270,11,31
1958,4,1958.288,277.6,11.2,30
1958,5,1958.371,248.2,10.5,31
1958,6,1958.455,242.9,10.4,30
1958,7,1958.538,271,11,31
1958,8,1958.623,283.5,11.3,31
1958,9,1958.707,285.1,11.3,30
1958,10,1958.79,256.9,10.7,31
1958,11,1958.874,215.6,9.8,30
1958,12,1958.958,265.7,10.9,31
1959,1,1959.042,307.7,11.7,31
1959,2,1959.123,202.6,9.5,28
1959,3,1959.204,263,10.9,31
1959,4,1959.288,231.3,10.2,30
1959,5,1959.371,243.6,10.4,31
1959,6,1959.455,238.9,10.3,30
1959,7,1959.538,211.9,9.7,31
1959,8,1959.623,282.6,11.3,31
1959,9,1959.707,205.6,9.6,30
1959,10,1959.79,157.7,8.4,31
1959,11,1959.874,175.6,8.9,30
1959,12,1959.958,177.1,8.9,31
1960,1,1960.042,207.2,9.6,31
1960,2,1960.124,149.9,8.2,29
1960,3,1960.206,144.6,8,31
1960,4,1960.29,172.7,8.8,30
1960,5,1960.373,169.3,8.7,31
1960,6,1960.456,156,8.3,30
1960,7,1960.54,172.4,8.8,31
1960,8,1960.624,190,9.2,31
1960,9,1960.708,180.1,9,30
1960,10,1960.791,117.3,7.2,31
1960,11,1960.874,126.9,7.5,30
1960,12,1960.958,121.2,7.4,31
1961,1,1961.042,82.1,6,31
1961,2,1961.123,65.4,5.4,28
1961,3,1961.204,75.2,5.8,31
1961,4,1961.288,86.9,6.2,30
1961,5,1961.371,72.3,5.7,31
1961,6,1961.455,109.5,7,30
1961,7,1961.538,99.3,6.6,31
1961,8,1961.623,79.2,6,31
1961,9,1961.707,90.1,6.3,30
1961,10,1961.79,53.7,4.9,31
1961,11,1961.874,46.5,4.6,30
1961,12,1961.958,56.9,5,31
1962,1,1962.042,55.1,5,31
1962,2,1962.123,71.7,5.7,28
1962,3,1962.204,64.9,5.4,31
1962,4,1962.288,65.9,5.4,30
1962,5,1962.371,61.9,5.2,31
1962,6,1962.455,59.6,5.2,30
1962,7,1962.538,31.4,3.8,31
1962,8,1962.623,31.5,3.8,31
1962,9,1962.707,72.7,5.7,30
1962,10,1962.79,56.1,5,31
1962,11,1962.874,38.8,4.2,30
1962,12,1962.958,33.2,3.9,31
1963,1,1963.042,28.7,3.6,31
1963,2,1963.123,35.2,4,28
1963,3,1963.204,24.8,3.4,31
1963,4,1963.288,41.7,4.3,30
1963,5,1963.371,61.1,5.2,31
1963,6,1963.455,51.2,4.8,30
1963,7,1963.538,28.7,3.6,31
1963,8,1963.623,47.5,4.6,31
1963,9,1963.707,55.2,5,30
1963,10,1963.79,50.1,4.7,31
1963,11,1963.874,33.7,3.9,30
1963,12,1963.958,21.6,3.2,31
1964,1,1964.042,22.6,3.2,31
1964,2,1964.124,25.3,3.4,29
1964,3,1964.206,24.1,3.3,31
1964,4,1964.29,12.9,2.5,30
1964,5,1964.373,14.3,2.6,31
1964,6,1964.456,13.5,2.5,30
1964,7,1964.54,4.8,1.5,31
1964,8,1964.624,13.8,2.5,31
1964,9,1964.708,7,1.8,30
1964,10,1964.791,9.2,2.1,31
1964,11,1964.874,11.1,2.3,30
1964,12,1964.958,22.1,3.2,31
1965,1,1965.042,25.4,3.4,31
1965,2,1965.123,20.8,3.1,28
1965,3,1965.204,17.5,2.8,31
1965,4,1965.288,10.2,2.2,30
1965,5,1965.371,34.5,3.9,31
1965,6,1965.455,23.3,3.3,30
1965,7,1965.538,17.3,2.8,31
1965,8,1965.623,13.3,2.5,31
1965,9,1965.707,24.5,3.4,30
1965,10,1965.79,29.1,3.6,31
1965,11,1965.874,22.8,3.2,30
1965,12,1965.958,24.7,3.4,31
1966,1,1966.042,40.3,4.3,31
1966,2,1966.123,35.3,4,28
1966,3,1966.204,36.4,4,31
1966,4,1966.288,69,5.5,30
1966,5,1966.371,64.2,5.3,31
1966,6,1966.455,67.7,5.5,30
1966,7,1966.538,80.2,6,31
1966,8,1966.623,72.6,5.7,31
1966,9,1966.707,71.1,5.6,30
1966,10,1966.79,81.2,6,31
1966,11,1966.874,81,6,30
1966,12,1966.958,99.8,6.7,31
1967,1,1967.042,157,8.4,31
1967,2,1967.123,132.6,7.7,28
1967,3,1967.204,158.3,8.4,31
1967,4,1967.288,98.4,6.6,30
1967,5,1967.371,122.5,7.4,31
1967,6,1967.455,95.4,6.5,30
1967,7,1967.538,129.5,7.6,31
1967,8,1967.623,151.8,8.2,31
1967,9,1967.707,108.7,7,30
1967,10,1967.79,125,7.5,31
1967,11,1967.874,133.6,7.7,30
1967,12,1967.958,179,8.9,31
1968,1,1968.042,172.5,8.8,31
1968,2,1968.124,158.5,8.4,29
1968,3,1968.206,130.5,7.6,31
1968,4,1968.29,115,7.2,30
1968,5,1968.373,180,9,31
1968,6,1968.456,156.2,8.3,30
1968,7,1968.54,136.2,7.8,31
1968,8,1968.624,154.8,8.3,31
1968,9,1968.708,166,8.6,30
1968,10,1968.791,152.5,8.2,31
1968,11,1968.874,121.7,7.4,30
1968,12,1968.958,155.5,8.3,31
1969,1,1969.042,147.8,8.1,31
1969,2,1969.123,170.5,8.7,28
1969,3,1969.204,192.3,9.3,31
1969,4,1969.288,151.1,8.2,30
1969,5,1969.371,169.9,8.7,31
1969,6,1969.455,150.1,8.2,30
1969,7,1969.538,137.1,7.8,31
1969,8,1969.623,138.8,7.9,31
1969,9,1969.707,129.3,7.6,30
1969,10,1969.79,135.4,7.8,31
1969,11,1969.874,132.4,7.7,30
1969,12,1969.958,138.6,7.9,31
1970,1,1970.042,157.9,8.4,31
1970,2,1970.123,180.8,9,28
1970,3,1970.204,145.7,8.1,31
1970,4,1970.288,155.1,8.3,30
1970,5,1970.371,180.5,9,31
1970,6,1970.455,151.3,8.2,30
1970,7,1970.538,159.3,8.4,31
1970,8,1970.623,131.7,7.7,31
1970,9,1970.707,140.8,7.9,30
1970,10,1970.79,122.6,7.4,31
1970,11,1970.874,134.8,7.8,30
1970,12,1970.958,118.2,7.2,31
1971,1,1971.042,129.2,7.6,31
1971,2,1971.123,111.8,7,28
1971,3,1971.204,85.9,6.2,31
1971,4,1971.288,101.6,6.7,30
1971,5,1971.371,81.5,6,31
1971,6,1971.455,70.7,5.6,30
1971,7,1971.538,114.7,7.1,31
1971,8,1971.623,87,6.2,31
1971,9,1971.707,71.3,5.6,30
1971,10,1971.79,73.4,5.7,31
1971,11,1971.874,89.5,6.3,30
1971,12,1971.958,116.5,7.2,31
1972,1,1972.042,87,6.2,31
1972,2,1972.124,125.3,7.5,29
1972,3,1972.206,113.5,7.1,31
1972,4,1972.29,89.6,6.3,30
1972,5,1972.373,113.9,7.1,31
1972,6,1972.456,124.7,7.4,30
1972,7,1972.54,108.3,6.9,31
1972,8,1972.624,108.9,7,31
1972,9,1972.708,90.7,6.4,30
1972,10,1972.791,86.9,6.2,31
1972,11,1972.874,59.2,5.2,30
1972,12,1972.958,64.3,5.4,31
1973,1,1973.042,61.8,5.2,31
1973,2,1973.123,60.9,5.2,28
1973,3,1973.204,65.4,5.4,31
1973,4,1973.288,81.8,6,30
1973,5,1973.371,60.3,5.2,31
1973,6,1973.455,56.1,5,30
1973,7,1973.538,33.2,3.9,31
1973,8,1973.623,36.6,4.1,31
1973,9,1973.707,84.1,6.1,30
1973,10,1973.79,43.7,4.4,31
1973,11,1973.874,34.3,3.9,30
1973,12,1973.958,33.3,3.9,31
1974,1,1974.042,39.4,4.2,31
1974,2,1974.123,37.3,4.1,28
1974,3,1974.204,30.9,3.8,31
1974,4,1974.288,57.5,5.1,30
1974,5,1974.371,56.3,5,31
1974,6,1974.455,51.5,4.8,30
1974,7,1974.538,79.1,5.9,31
1974,8,1974.623,47.9,4.6,31
1974,9,1974.707,57.2,5,30
1974,10,1974.79,67.2,5.5,31
1974,11,1974.874,35.9,4,30
1974,12,1974.958,29.6,3.7,31
1975,1,1975.042,27.3,3.5,31
1975,2,1975.123,16.7,2.8,28
1975,3,1975.204,16.9,2.8,31
1975,4,1975.288,7.7,1.9,30
1975,5,1975.371,13.1,2.5,31
1975,6,1975.455,16.7,2.8,30
1975,7,1975.538,40.4,4.3,31
1975,8,1975.623,56.7,5,31
1975,9,1975.707,20.3,3.1,30
1975,10,1975.79,13.6,2.5,31
1975,11,1975.874,27.9,3.6,30
1975,12,1975.958,11.6,2.3,31
1976,1,1976.042,11.9,2.3,31
1976,2,1976.124,6.4,1.7,29
1976,3,1976.206,31.5,3.8,31
1976,4,1976.29,27.3,3.5,30
1976,5,1976.373,18.2,2.9,31
1976,6,1976.456,17.9,2.9,30
1976,7,1976.54,2.9,1.2,31
1976,8,1976.624,24.1,3.3,31
1976,9,1976.708,20,3,30
1976,10,1976.791,29.7,3.7,31
1976,11,1976.874,7.9,1.9,30
1976,12,1976.958,22.3,3.2,31
1977,1,1977.042,23.8,3.3,31
1977,2,1977.123,33.3,3.9,28
1977,3,1977.204,13,2.5,31
1977,4,1977.288,19,3,30
1977,5,1977.371,27,3.5,31
1977,6,1977.455,54.9,5,30
1977,7,1977.538,30.6,3.7,31
1977,8,1977.623,43,4.4,31
1977,9,1977.707,62.4,5.3,30
1977,10,1977.79,62.1,5.3,31
1977,11,1977.874,41.6,4.3,30
1977,12,1977.958,61.4,5.2,31
1978,1,1978.042,73.7,5.7,31
1978,2,1978.123,132.6,7.7,28
1978,3,1978.204,108.4,6.9,31
1978,4,1978.288,141.2,7.9,30
1978,5,1978.371,117.1,7.2,31
1978,6,1978.455,134.6,7.8,30
1978,7,1978.538,99.7,6.7,31
1978,8,1978.623,82.4,6,31
1978,9,1978.707,195.7,9.3,30
1978,10,1978.79,177.1,8.9,31
1978,11,1978.874,138.5,7.9,30
1978,12,1978.958,173.9,8.8,31
1979,1,1979.042,235.9,10.3,31
1979,2,1979.123,194.7,9.3,28
1979,3,1979.204,195.3,9.3,31
1979,4,1979.288,143.7,8,30
1979,5,1979.371,190.3,9.2,31
1979,6,1979.455,211.7,9.7,30
1979,7,1979.538,225.7,10,31
1979,8,1979.623,201.4,9.5,31
1979,9,1979.707,266.9,10.9,30
1979,10,1979.79,263.6,10.9,31
1979,11,1979.874,259.5,10.8,30
1979,12,1979.958,249.6,10.6,31
1980,1,1980.042,226.1,10.1,31
1980,2,1980.124,219.4,9.9,29
1980,3,1980.206,178.7,8.9,31
1980,4,1980.29,232.2,10.2,30
1980,5,1980.373,254.7,10.7,31
1980,6,1980.456,222.7,10,30
1980,7,1980.54,192.9,9.3,31
1980,8,1980.624,191.7,9.3,31
1980,9,1980.708,219.6,9.9,30
1980,10,1980.791,233.3,10.2,31
1980,11,1980.874,209.5,9.7,30
1980,12,1980.958,246.9,10.5,31
1981,1,1981.042,156.6,9.5,271
1981,2,1981.123,189.9,12.4,229
1981,3,1981.204,196.6,11.6,244
1981,4,1981.288,225.3,14.9,254
1981,5,1981.371,194.7,13.4,268
1981,6,1981.455,131.6,9.5,227
1981,7,1981.538,205.3,13,268
1981,8,1981.623,242.5,13.9,276
1981,9,1981.707,245.3,18.5,255
1981,10,1981.79,216.2,12.1,243
1981,11,1981.874,186,14.2,248
1981,12,1981.958,195.4,11.9,266
1982,1,1982.042,149.8,10.2,287
1982,2,1982.123,230.9,13.6,256
1982,3,1982.204,221.1,11.4,263
1982,4,1982.288,170.3,8.3,284
1982,5,1982.371,119.3,8.5,318
1982,6,1982.455,163.7,11.2,313
1982,7,1982.538,139.4,14,292
1982,8,1982.623,161.9,11.8,301
1982,9,1982.707,167.4,9.7,308
1982,10,1982.79,134.3,10.4,308
1982,11,1982.874,127.5,18.6,244
1982,12,1982.958,169,15.4,262
1983,1,1983.042,115.5,8.7,267
1983,2,1983.123,73.1,6.3,261
1983,3,1983.204,88.7,7.1,259
1983,4,1983.288,109.6,9.7,282
1983,5,1983.371,132.5,9.4,330
1983,6,1983.455,131.5,8.2,361
1983,7,1983.538,108.9,7.3,431
1983,8,1983.623,96,8.4,429
1983,9,1983.707,69.9,5.5,397
1983,10,1983.79,72.5,7,431
1983,11,1983.874,45.7,7.3,363
1983,12,1983.958,45.6,5.5,405
1984,1,1984.042,74.8,6.5,399
1984,2,1984.124,110.2,8.1,377
1984,3,1984.206,116.7,8.7,395
1984,4,1984.29,90.4,7.6,407
1984,5,1984.373,96.9,7,462
1984,6,1984.456,65.1,5.4,438
1984,7,1984.54,55.7,5.1,468
1984,8,1984.624,35,3.4,509
1984,9,1984.708,22.6,3.9,429
1984,10,1984.791,12.6,3.8,428
1984,11,1984.874,26.5,4.7,394
1984,12,1984.958,21.4,3.9,397
1985,1,1985.042,17.8,3.9,425
1985,2,1985.123,20.7,3.8,412
1985,3,1985.204,16.9,3.9,389
1985,4,1985.288,20.4,3.7,468
1985,5,1985.371,32.4,3.7,457
1985,6,1985.455,28.3,3.9,465
1985,7,1985.538,39.9,3.8,540
1985,8,1985.623,10.1,3.5,546
1985,9,1985.707,4.3,2.4,511
1985,10,1985.79,22,4.2,486
1985,11,1985.874,17.9,2.6,422
1985,12,1985.958,15.8,4.6,422
1986,1,1986.042,2.8,2.8,460
1986,2,1986.123,27.9,3.6,420
1986,3,1986.204,13.8,3.8,433
1986,4,1986.288,22.4,4.1,449
1986,5,1986.371,16.1,3.6,530
1986,6,1986.455,0.6,2.1,494
1986,7,1986.538,18.1,3.9,510
1986,8,1986.623,9.9,2.3,567
1986,9,1986.707,5.1,3,505
1986,10,1986.79,40.1,4.4,507
1986,11,1986.874,15.4,4.3,515
1986,12,1986.958,5.8,2.8,544
1987,1,1987.042,9.8,2.7,487
1987,2,1987.123,3.4,2.6,429
1987,3,1987.204,17.4,3,501
1987,4,1987.288,46,4.4,581
1987,5,1987.371,39.1,3.5,566
1987,6,1987.455,18.8,3.5,586
1987,7,1987.538,38.2,4.3,645
1987,8,1987.623,47.9,3.3,619
1987,9,1987.707,42.2,3.5,609
1987,10,1987.79,63.4,4.8,501
1987,11,1987.874,48.8,5.1,417
1987,12,1987.958,29.1,3.2,455
1988,1,1988.042,70.5,5.5,484
1988,2,1988.124,45.4,4.6,525
1988,3,1988.206,91.2,5.7,516
1988,4,1988.29,108.8,6.7,562
1988,5,1988.373,74.2,6.1,582
1988,6,1988.456,124.3,8.3,574
1988,7,1988.54,131.4,9.6,605
1988,8,1988.624,139.4,9,649
1988,9,1988.708,142.7,9.4,551
1988,10,1988.791,156.5,9.7,530
1988,11,1988.874,156.8,8.9,488
1988,12,1988.958,231.2,13.5,490
1989,1,1989.042,210.1,15,536
1989,2,1989.123,208.7,12.7,489
1989,3,1989.204,170.4,10.2,573
1989,4,1989.288,166.3,9.7,534
1989,5,1989.371,195.4,10.6,668
1989,6,1989.455,284.5,15.5,619
1989,7,1989.538,180.5,10.2,673
1989,8,1989.623,232,13.5,639
1989,9,1989.707,225.1,14.9,585
1989,10,1989.79,212.2,11.2,562
1989,11,1989.874,238.2,15.2,550
1989,12,1989.958,211.4,13.5,504
1990,1,1990.042,227.4,13.6,516
1990,2,1990.123,171.8,11.3,518
1990,3,1990.204,191.7,11,592
1990,4,1990.288,189.7,10.1,575
1990,5,1990.371,175.2,10,691
1990,6,1990.455,153.3,9.1,599
1990,7,1990.538,191.1,9.8,661
1990,8,1990.623,252.1,12.8,714
1990,9,1990.707,169.1,9.2,622
1990,10,1990.79,199.4,12.6,605
1990,11,1990.874,178.8,12.3,536
1990,12,1990.958,197.1,12.6,479
1991,1,1991.042,195.3,14.5,552
1991,2,1991.123,240.3,13.9,493
1991,3,1991.204,197,11.8,546
1991,4,1991.288,197.6,11.9,590
1991,5,1991.371,166.9,9.9,625
1991,6,1991.455,224.7,12.9,620
1991,7,1991.538,240.2,13.7,661
1991,8,1991.623,240.8,14.3,707
1991,9,1991.707,168.9,11.3,621
1991,10,1991.79,197.1,13.2,524
1991,11,1991.874,159.5,10.1,487
1991,12,1991.958,212.6,14.1,506
1992,1,1992.042,198.3,12.9,566
1992,2,1992.124,230.7,14.5,590
1992,3,1992.206,151,9.2,537
1992,4,1992.29,142.2,9.5,660
1992,5,1992.373,94.3,7.7,746
1992,6,1992.456,98.5,6.6,706
1992,7,1992.54,114.2,7.7,761
1992,8,1992.624,91.9,6.7,794
1992,9,1992.708,94,5.5,764
1992,10,1992.791,133.4,8.2,623
1992,11,1992.874,129.6,8.2,559
1992,12,1992.958,122,8.4,539
1993,1,1993.042,81.4,5.9,583
1993,2,1993.123,127.8,8.3,551
1993,3,1993.204,102.4,6.6,739
1993,4,1993.288,94.4,6.7,719
1993,5,1993.371,78.8,5.7,752
1993,6,1993.455,69.6,5.4,706
1993,7,1993.538,80.4,5.4,699
1993,8,1993.623,62.5,5,809
1993,9,1993.707,31.2,4.5,709
1993,10,1993.79,71.1,5.5,630
1993,11,1993.874,48.2,4.4,551
1993,12,1993.958,68.4,5.9,562
1994,1,1994.042,84.9,6.6,582
1994,2,1994.123,54.9,4.8,539
1994,3,1994.204,47.5,4.1,728
1994,4,1994.288,27.4,3.9,763
1994,5,1994.371,29.8,4.1,789
1994,6,1994.455,39.7,5,789
1994,7,1994.538,50.6,4.3,865
1994,8,1994.623,34.3,3.2,876
1994,9,1994.707,40.5,4.1,735
1994,10,1994.79,67.1,4.2,657
1994,11,1994.874,29.5,4.7,591
1994,12,1994.958,32.2,3.5,610
1995,1,1995.042,32.6,5.3,630
1995,2,1995.123,45.8,3.9,620
1995,3,1995.204,46.3,3.8,706
1995,4,1995.288,21.6,3.6,698
1995,5,1995.371,19.4,2.8,781
1995,6,1995.455,22.5,3.8,747
1995,7,1995.538,20.4,3.1,842
1995,8,1995.623,18.2,3.6,854
1995,9,1995.707,15.7,3,708
1995,10,1995.79,30.6,3.7,734
1995,11,1995.874,14,3.7,594
1995,12,1995.958,14.9,3.6,515
1996,1,1996.042,13.3,3.4,535
1996,2,1996.124,7.7,3.4,532
1996,3,1996.206,12.6,3.1,621
1996,4,1996.29,6.8,2.5,678
1996,5,1996.373,7.6,3.1,676
1996,6,1996.456,16.5,2.9,682
1996,7,1996.54,11.8,2.6,766
1996,8,1996.624,19.7,3.5,759
1996,9,1996.708,3,2.5,656
1996,10,1996.791,0.7,2.1,630
1996,11,1996.874,24.9,4.4,536
1996,12,1996.958,14,2.9,543
1997,1,1997.042,7.4,3.2,497
1997,2,1997.123,11,2.9,545
1997,3,1997.204,12.1,2.4,627
1997,4,1997.288,23,3.3,663
1997,5,1997.371,25.4,2.8,716
1997,6,1997.455,20.8,2.5,656
1997,7,1997.538,12.9,4.2,700
1997,8,1997.623,35.7,3.8,723
1997,9,1997.707,59.7,4.8,661
1997,10,1997.79,32.8,3.6,623
1997,11,1997.874,50.4,4.7,465
1997,12,1997.958,55.5,4.6,418
1998,1,1998.042,44.5,4.6,521
1998,2,1998.123,50.2,4.6,559
1998,3,1998.204,82,5.9,571
1998,4,1998.288,70.6,7.2,537
1998,5,1998.371,74,4.8,620
1998,6,1998.455,90.5,6,521
1998,7,1998.538,96.7,6.3,597
1998,8,1998.623,121.1,7.4,586
1998,9,1998.707,132,8.6,502
1998,10,1998.79,78.5,6.6,432
1998,11,1998.874,97.3,6.8,472
1998,12,1998.958,119.2,9.4,435
1999,1,1999.042,86,7.6,475
1999,2,1999.123,98,7.6,446
1999,3,1999.204,103.5,6.8,518
1999,4,1999.288,93.6,7.5,569
1999,5,1999.371,149.6,8.5,630
1999,6,1999.455,207.2,10.5,567
1999,7,1999.538,173.5,9.3,594
1999,8,1999.623,142.3,12.9,649
1999,9,1999.707,106.3,6.5,624
1999,10,1999.79,168.7,10.4,531
1999,11,1999.874,188.3,12.3,406
1999,12,1999.958,116.8,9.3,404
2000,1,2000.042,133.1,10.4,450
2000,2,2000.124,165.7,10.4,490
2000,3,2000.206,217.7,11.9,456
2000,4,2000.29,191.5,10.2,529
2000,5,2000.373,165.9,10.1,551
2000,6,2000.456,188,8.8,532
2000,7,2000.54,244.3,12,507
2000,8,2000.624,180.5,9.4,626
2000,9,2000.708,156,11.2,558
2000,10,2000.791,141.6,8,483
2000,11,2000.874,158.1,8.9,380
2000,12,2000.958,143.3,8.7,391
2001,1,2001.042,142.6,9.2,437
2001,2,2001.123,121.5,8.1,453
2001,3,2001.204,165.8,11.9,485
2001,4,2001.288,161.7,9.4,578
2001,5,2001.371,142.1,8.3,578
2001,6,2001.455,202.9,10.8,586
2001,7,2001.538,123,8.4,645
2001,8,2001.623,161.5,9.3,654
2001,9,2001.707,238.2,12.1,518
2001,10,2001.79,194.1,11.3,628
2001,11,2001.874,176.6,13.3,509
2001,12,2001.958,213.4,12.5,487
2002,1,2002.042,184.6,11.7,500
2002,2,2002.123,170.2,11.3,475
2002,3,2002.204,147.1,9.1,580
2002,4,2002.288,186.9,9.8,603
2002,5,2002.371,187.5,9.7,595
2002,6,2002.455,128.8,7.7,569
2002,7,2002.538,161,11,628
2002,8,2002.623,175.6,9.8,663
2002,9,2002.707,187.9,10.1,554
2002,10,2002.79,151.2,8,543
2002,11,2002.874,147.2,8.2,470
2002,12,2002.958,135.3,10,408
2003,1,2003.042,133.5,7.4,482
2003,2,2003.123,75.7,5.7,538
2003,3,2003.204,100.7,7.5,633
2003,4,2003.288,97.9,6.4,619
2003,5,2003.371,86.8,6.6,606
2003,6,2003.455,118.7,7.9,672
2003,7,2003.538,128.3,7.9,677
2003,8,2003.623,115.4,7.3,721
2003,9,2003.707,78.5,5.8,685
2003,10,2003.79,97.8,8.8,570
2003,11,2003.874,82.9,6.3,443
2003,12,2003.958,72.2,5.3,441
2004,1,2004.042,60.6,5.2,491
2004,2,2004.124,74.6,6,479
2004,3,2004.206,74.8,5.1,594
2004,4,2004.29,59.2,5.1,601
2004,5,2004.373,72.8,5.7,614
2004,6,2004.456,66.5,6.8,646
2004,7,2004.54,83.8,8.8,709
2004,8,2004.624,69.7,5.5,686
2004,9,2004.708,48.8,5.3,604
2004,10,2004.791,74.2,5.5,539
2004,11,2004.874,70.1,5.4,477
2004,12,2004.958,28.9,3.4,442
2005,1,2005.042,48.1,4.6,536
2005,2,2005.123,43.5,4.3,500
2005,3,2005.204,39.6,3.8,607
2005,4,2005.288,38.7,3.8,598
2005,5,2005.371,61.9,5.7,641
2005,6,2005.455,56.8,5.3,675
2005,7,2005.538,62.4,6.1,678
2005,8,2005.623,60.5,5.3,706
2005,9,2005.707,37.2,4.5,691
2005,10,2005.79,13.2,3.4,534
2005,11,2005.874,27.5,4.1,499
2005,12,2005.958,59.3,3.9,419
2006,1,2006.042,20.9,3.4,511
2006,2,2006.123,5.7,3.7,434
2006,3,2006.204,17.3,4.2,502
2006,4,2006.288,50.3,5.1,550
2006,5,2006.371,37.2,3.9,566
2006,6,2006.455,24.5,3.3,566
2006,7,2006.538,22.2,2.4,628
2006,8,2006.623,20.8,2.5,650
2006,9,2006.707,23.7,3,567
2006,10,2006.79,14.9,2.4,537
2006,11,2006.874,35.7,3.5,444
2006,12,2006.958,22.3,3.5,415
2007,1,2007.042,29.3,2.8,474
2007,2,2007.123,18.4,2.7,423
2007,3,2007.204,7.2,2.8,611
2007,4,2007.288,5.4,2.4,650
2007,5,2007.371,19.5,3.3,615
2007,6,2007.455,21.3,3.4,607
2007,7,2007.538,15.1,1.9,703
2007,8,2007.623,9.8,2.2,669
2007,9,2007.707,4,2.1,637
2007,10,2007.79,1.5,2.4,547
2007,11,2007.874,2.8,2.5,437
2007,12,2007.958,17.3,3.1,468
2008,1,2008.042,4.1,2.8,480
2008,2,2008.124,2.9,2.4,490
2008,3,2008.206,15.5,2.7,548
2008,4,2008.29,3.6,2.3,562
2008,5,2008.373,4.6,3.2,637
2008,6,2008.456,5.2,2.3,637
2008,7,2008.54,0.6,2,664
2008,8,2008.624,0.3,2,525
2008,9,2008.708,1.2,2.4,605
2008,10,2008.791,4.2,2.9,571
2008,11,2008.874,6.6,2.4,445
2008,12,2008.958,1,2,480
2009,1,2009.042,1.3,2,317
2009,2,2009.123,1.2,2.2,385
2009,3,2009.204,0.6,2,523
2009,4,2009.288,1.2,2.2,586
2009,5,2009.371,2.9,2.4,610
2009,6,2009.455,6.3,2.7,623
2009,7,2009.538,5.5,2.6,671
2009,8,2009.623,0,2,691
2009,9,2009.707,7.1,2.2,628
2009,10,2009.79,7.7,2.7,564
2009,11,2009.874,6.9,3.2,452
2009,12,2009.958,16.3,3.5,415
2010,1,2010.042,19.5,2.5,413
2010,2,2010.123,28.5,2.7,376
2010,3,2010.204,24,3.6,564
2010,4,2010.288,10.4,3.3,592
2010,5,2010.371,13.9,3.4,573
2010,6,2010.455,18.8,3,600
2010,7,2010.538,25.2,3.4,718
2010,8,2010.623,29.6,3.4,689
2010,9,2010.707,36.4,4,505
2010,10,2010.79,33.6,3.9,501
2010,11,2010.874,34.4,3.7,404
2010,12,2010.958,24.5,3.6,393
2011,1,2011.042,27.3,3.1,417
2011,2,2011.123,48.3,5.1,399
2011,3,2011.204,78.6,6.9,566
2011,4,2011.288,76.1,6.2,557
2011,5,2011.371,58.2,5,607
2011,6,2011.455,56.1,5,544
2011,7,2011.538,64.5,4.8,549
2011,8,2011.623,65.8,5.6,605
2011,9,2011.707,120.1,8.8,535
2011,10,2011.79,125.7,9,503
2011,11,2011.874,139.1,9.9,434
2011,12,2011.958,109.3,8.4,361
2012,1,2012.042,94.4,7.1,386
2012,2,2012.124,47.8,4.4,388
2012,3,2012.206,86.6,7.3,500
2012,4,2012.29,85.9,6.9,479
2012,5,2012.373,96.5,7.2,543
2012,6,2012.456,92,6.5,498
2012,7,2012.54,100.1,7.3,601
2012,8,2012.624,94.8,6.5,612
2012,9,2012.708,93.7,8.1,511
2012,10,2012.791,76.5,5.1,493
2012,11,2012.874,87.6,6.5,382
2012,12,2012.958,56.8,5.1,360
2013,1,2013.042,96.1,6.3,362
2013,2,2013.123,60.9,4.4,363
2013,3,2013.204,78.3,6.1,429
2013,4,2013.288,107.3,6.8,509
2013,5,2013.371,120.2,8.2,487
2013,6,2013.455,76.7,5.2,469
2013,7,2013.538,86.2,6.7,575
2013,8,2013.623,91.8,6.6,563
2013,9,2013.707,54.5,5.3,446
2013,10,2013.79,114.4,8.2,421
2013,11,2013.874,113.9,8.2,321
2013,12,2013.958,124.2,9.1,402
2014,1,2014.042,117,8.2,398
2014,2,2014.123,146.1,10.7,384
2014,3,2014.204,128.7,8.6,493
2014,4,2014.288,112.5,6.9,486
2014,5,2014.371,112.5,7.5,493
2014,6,2014.455,102.9,7.7,469
2014,7,2014.538,100.2,7.4,477
2014,8,2014.623,106.9,7.6,486
2014,9,2014.707,130,8.7,419
2014,10,2014.79,90,6.9,440
2014,11,2014.874,103.6,8.5,397
2014,12,2014.958,112.9,7.4,331
2015,1,2015.042,93,7.5,546
2015,2,2015.123,66.7,5.3,442
2015,3,2015.204,54.5,4.8,628
2015,4,2015.288,75.3,8.2,847
2015,5,2015.371,88.8,8.6,895
2015,6,2015.455,66.5,6.3,826
2015,7,2015.538,66.4,5.5,863 *
2015,8,2015.623,64.6,5,768 *
2015,9,2015.707,78.1,6.6,804 *
2015,10,2015.79,61.7,5.3,605 *
